assigned_group,STATUS,TIME_IN_STATUS_BY_OWNER_HRS
DC000118,QUEUED,5559.4666667
ITS00340,AWAITCUS,5552.8166667
ESI00052,AWAITCUS,5550.8333333
ITS00329,AWAITCUS,5446.5833333
ITS00329,QUEUED,3490.685714304757
ESI00052,QUEUED,3325.6300000065994
ITS00352,QUEUED,2502.7583333350003
DC000143,QUEUED,2374.5
DC000145,QUEUED,2111.00833333335
DC000168,PENDINGVEN,1733.1
NW000469,QUEUED,1639.4166667
ITS00346,AWAITCUS,1450.3666667
DC000179,AWAITCUS,1418.1166667
ENT00008,INPROG,1321.3333333
ITS00353,QUEUED,1296.1116666633302
DC000205,AWAITVEN,1267.4333333
EDC00060,QUEUED,1122.5166667
COR00055,QUEUED,1095.45
ITS00326,AWAITCHG,1080.6333333
AP000004,QUEUED,1075.8
DC000224,INPROG,1042.5
ENT00008,QUEUED,1010.0
NW000444,SLAHOLD,989.5119047618999
DC000145,INPROG,952.63333333
ITS00308,PENDING,910.75
ESI00028,AWAITVEN,876.48333333
DC000180,SLAHOLD,848.2416666833249
ITS00101,INPROG,832.7833333333333
DC000236,SLAHOLD,816.030357143082
NW000490,QUEUED,778.4083333165
NW000461,SLAHOLD,770.0
ITS00324,QUEUED,769.9083333499999
NW000450,QUEUED,750.0333333455666
DC000218,QUEUED,733.9
NW000429,AWAITCUS,712.4333333316749
DC000180,QUEUED,708.5818181802513
NW000445,AWAITCHG,684.766666665
DC000187,AWAITCUS,681.83333333
DC000211,QUEUED,654.2277777789001
NW000481,AWAITVEN,624.3354166675
DC000120,INPROG,614.3962121181454
ITS00345,QUEUED,609.76666667
ESI00028,INPROG,605.0888888889
DC000198,AWAITCHG,603.31666667
EDC00065,AWAITCUS,569.81666667
DC000246,AWAITCHG,559.78333333
DC000148,QUEUED,548.4611111133333
DC000108,INPROG,502.07333333331997
NW000400,AWAITVEN,488.14666666060003
EDC00066,INPROG,472.90416667585004
NW000461,QUEUED,456.7678571430714
NW000444,AWAITCUS,455.95
NW000407,AWAITCUS,443.616666665
NW000481,INPROG,426.12182539462856
ESI00045,QUEUED,398.14827586249305
NW000457,INPROG,395.666666665
CHAT_Q,PENDINGREV,391.06666667
CHAT_Q,QUEUED,379.71666667
ESI00010,QUEUED,369.077777779
DC000120,SLAHOLD,368.51666667
DC000115,AWAITCHG,358.15757575479995
ESI00012,INPROG,356.71666667
ENT00036,QUEUED,344.1166666685
NW000453,SLAHOLD,343.86666667
NW000430,AWAITCUS,340.7722222213334
NW000400,AWAITCHG,340.18333333
DC000134,INPROG,326.787500008325
NW000489,AWAITVEN,324.3
DC000104,QUEUED,323.21666667
SM000542,QUEUED,321.9549999960299
EU000202,QUEUED,319.45
NW000481,AWAITCUS,315.691666669175
DC000132,AWAITVEN,313.4447414898915
ITS00343,AWAITVEN,307.16969697051815
DC000148,AWAITVEN,302.85
NW000403,SLAHOLD,299.75
DC000119,SLAHOLD,293.9777777722167
NW000486,QUEUED,290.0
SM000512,AWAITCUS,289.98333333
ITS00336,QUEUED,281.2
NW000481,SLAHOLD,277.939166665985
NW000490,SLAHOLD,276.38333333
NW000476,INPROG,273.025
EU000206,QUEUED,266.45
DC000205,AWAITCUS,265.08333333
DC000106,QUEUED,262.816666665
NW000445,INPROG,258.9870370345444
ITS00341,QUEUED,253.36247906192696
SM000515,AWAITVEN,251.05
EDC00065,QUEUED,247.2186274503941
NW000403,INPROG,243.39230768974613
EDC00066,QUEUED,240.94533333319603
DC000150,AWAITVEN,233.04166666665
DC000132,PENDINGVEN,231.2513071898549
NW000457,QUEUED,228.56111111075708
DC000141,PENDINGREV,225.6
EDC00031,AWAITCUS,218.95
NW000446,INPROG,211.19444444439998
EDC00075,QUEUED,209.20000000165
DC000122,AWAITVEN,204.299999999
DC000117,QUEUED,203.96388888778336
NW000460,INPROG,201.7196969706227
EDC00019,QUEUED,198.75
ITS00341,INPROG,197.8878048787634
NDS00033,QUEUED,196.71703296685934
SM000547,INPROG,194.56666667
ITS00341,SLAHOLD,194.21547619047143
NDS00033,SLAHOLD,193.158333335
DC000183,AWAITVEN,185.57857142947142
NW000429,QUEUED,185.21423076919623
DC000140,QUEUED,184.71666666561669
DC000202,SLAHOLD,183.00478260847916
DC000127,PENDINGVEN,181.99166666721666
NW000445,QUEUED,181.8906862747603
SM000515,INPROG,176.63541666666873
NW000438,AWAITCUS,173.41545454585085
EDC00031,PENDINGREV,168.86666666835
DC000178,AWAITCUS,168.23333333
EDC00024,INPROG,168.22500000025627
ENT00015,QUEUED,167.31666667
DC000115,SLAHOLD,164.39022988517587
DC000180,AWAITVEN,164.32222222333334
DC000209,AWAITCHG,162.78518518514446
ITS00344,AWAITVEN,162.666666665
NW000403,QUEUED,162.32061403511585
SM000520,QUEUED,160.3166666665
DC000127,AWAITCHG,158.38088235302942
ENT00006,AWAITVEN,154.691666665
EDC00056,AWAITVEN,153.0
NDS00032,QUEUED,152.9243589745923
SM000537,AWAITVEN,150.727777779
NW000508,AWAITCHG,150.68333333
ITS00306,AWAITCUS,150.27000000059996
DC000127,PENDINGREV,147.54583333360833
DC000204,QUEUED,146.92389937099932
NW000401,AWAITCUS,146.541666665
CHAT_Q,INPROG,141.05
DC000194,QUEUED,140.34607843195883
ITS00340,QUEUED,139.44708624755032
DC000109,QUEUED,137.591666665825
ENT00006,PENDING,136.56666667
SM000542,INPROG,136.24523809508096
NW000438,AWAITVEN,135.84545454581817
NW000402,INPROG,135.71666667
ESI00014,QUEUED,132.77499999999998
DC000209,SLAHOLD,132.19999999967058
DC000204,INPROG,130.68413014613063
DC000115,PENDING,130.55059523804997
DC000108,SLAHOLD,130.0
NSD00018,QUEUED,129.48749999925
DC000128,AWAITCUS,129.39090909175454
DC000111,SLAHOLD,129.12592592633334
ESI00011,AWAITCUS,129.09857142903715
SM000515,QUEUED,128.29090909179092
EDC00001,AWAITVEN,124.75
DC000210,AWAITVEN,124.74166666500001
DC000127,PENDINGCHG,124.07499999999999
NW000460,SLAHOLD,123.216666665
NW000453,INPROG,121.15000000110001
NW000402,QUEUED,120.39687500065001
NW000461,INPROG,120.18333333150001
ITS00304,SLAHOLD,119.08333333
DC000202,AWAITVEN,117.73148148107778
EDC00025,AWAITVEN,117.1238095238143
ITS00326,INPROG,115.14583333053334
NW000401,QUEUED,112.73705673794149
ENT00008,PENDINGREV,111.058333335
NW000481,QUEUED,109.89176587297446
DC000205,INPROG,109.30326278680559
DC000194,AWAITCHG,109.0
NW000438,SLAHOLD,106.05303030327183
DC000210,SLAHOLD,105.608333335
ENT00023,PENDINGCUS,104.56666667
ENT00039,QUEUED,103.71666667
EDC00025,AWAITCUS,103.413333334
NW000452,AWAITCUS,101.61666667
ITS00346,INPROG,101.5008771914
DC000236,AWAITCUS,100.40833333283332
ITS00348,AWAITVEN,100.2
NW000488,QUEUED,98.60000000133334
NW000489,QUEUED,98.5441176470368
ESI00045,PENDINGREV,97.24814814855554
EDC00077,INPROG,96.8
NW000452,SLAHOLD,96.09999999835
DC000157,QUEUED,94.3
DC000132,AWAITCUS,94.288888888275
NW000403,AWAITCUS,90.9416666665
NS000101,QUEUED,89.556250000025
NW000407,QUEUED,89.46729166641316
EDC00054,AWAITCUS,89.04999999834999
EDC00055,INPROG,88.08333333350001
DC000229,AWAITVEN,87.39166666582499
NW000400,QUEUED,87.30547355484202
DC000128,PENDINGREV,86.79000000066
SM000557,INPROG,86.19781420814759
DC000132,SLAHOLD,85.70231213839942
ITS00341,AWAITVEN,85.4229166666625
ITS00330,QUEUED,83.65
EDC00031,QUEUED,82.21416666660919
DC000183,SLAHOLD,81.966666667
ESI00011,AWAITCHG,80.9952380948
DC000113,AWAITCUS,80.72083333342499
NW000517,QUEUED,80.116666667
DC000135,QUEUED,79.91666666667999
DC000117,INPROG,79.67500000000001
ITS00101,QUEUED,79.566666665
DC000180,INPROG,79.0644927550609
DC000202,AWAITCHG,77.8656862743294
NW000452,QUEUED,77.50555555676667
ITS00368,AWAITCUS,76.81666666665
DC000128,AWAITVEN,76.4530303033909
DC000156,SLAHOLD,75.71428571342857
DC000127,AWAITVEN,74.53571428661428
ITS00331,QUEUED,74.39027777852502
DC000113,PENDING,73.533333333
NW000508,AWAITVEN,73.33333333291154
DC000129,PENDINGCUS,72.45833333350001
DC000127,PENDINGCUS,71.7452380948
NW000444,QUEUED,71.48958333319584
NW000417,AWAITCUS,70.47096774178581
NW000430,AWAITCHG,70.233333333
ESI00050,QUEUED,70.0
EDC00030,QUEUED,69.35574433628203
NW000405,SLAHOLD,68.86043859610054
DC000132,AWAITCHG,68.61466666647999
DC000194,INPROG,67.7462962967
ESI00011,PENDINGCUS,67.15833333249999
ITS00341,AWAITCUS,66.36111111066666
ESI00011,SLAHOLD,66.238666666936
DC000127,SLAHOLD,66.1728354974487
DC000115,PENDINGCUS,65.920833334175
DC000150,QUEUED,65.91777777787999
DC000115,PENDINGCHG,64.55
DC000205,QUEUED,64.51051115914224
EDC00029,AWAITCUS,64.07878787878181
EDC00010,INPROG,63.290395480155944
ITS00347,AWAITVEN,63.216666667
NW000407,AWAITVEN,62.808333333425
DC000130,AWAITCHG,62.68703703633334
TIVMON,INPROG,62.5583333345
DC000210,QUEUED,62.50881226041608
NW000459,AWAITVEN,62.01708333410253
DC000141,PENDING,61.05
EDC00001,PENDINGCUS,60.583333333
EDC00009,AWAITCHG,60.466666667
ITS00342,QUEUED,60.32560975582522
EDC00031,INPROG,59.24032258064004
EDC00003,SLAHOLD,58.55333333326
ITS00344,AWAITCUS,57.97500000165
DC000130,AWAITCUS,57.78939394002726
SM000502,SLAHOLD,57.75138888861667
EDC00054,AWAITVEN,57.583333333333336
SM000561,SLAHOLD,57.266666666000006
NW000438,PENDING,56.983333333209096
ITS00326,QUEUED,56.92983870988978
NW000489,AWAITCUS,56.120833333250005
ITS00321,INPROG,55.780000000659996
ESI00011,QUEUED,55.39226315780667
NW000460,QUEUED,55.07355072455439
ITS00376,QUEUED,54.81798245612896
NW000483,QUEUED,53.93777777777999
NDS00026,INPROG,53.9266666666
ESI00011,PENDING,53.78055555553332
DC000130,AWAITVEN,53.45555555443334
ESI00028,QUEUED,52.91388888885833
NDS00032,PENDINGREV,52.883333333
NW000407,INPROG,52.774242424503036
ITS00306,PENDINGCUS,52.741666665
NW000446,SLAHOLD,52.283333333
DC000179,QUEUED,52.18580246895186
DC000115,PENDINGREV,51.65476190528572
EDC00006,AWAITVEN,51.378571428242864
ESI00011,PENDINGREV,51.35333333272
DC000127,PENDING,51.197839506372205
NW000405,PENDINGCHG,51.13888888776666
DC000152,PENDINGCUS,50.741666665
DC000101,QUEUED,50.46117886181391
DC000150,INPROG,50.15256410284615
DC000209,AWAITCUS,50.14489544891914
DC000150,SLAHOLD,49.38333333335
DC000151,QUEUED,49.23333333333333
DC000150,AWAITCUS,49.166666667
DC000128,SLAHOLD,48.906976743476754
SM000502,INPROG,48.890975609648784
EDC00001,QUEUED,48.17814569531258
ITS00306,AWAITVEN,47.41666666776667
NW000400,INPROG,47.168939393939375
DC000163,PENDINGVEN,47.07045454586971
NW000410,QUEUED,46.516666667
NW000508,AWAITCUS,46.516666667
ITS00381,AWAITVEN,45.86666666666667
ESI00011,INPROG,45.446102150670406
NW000424,INPROG,45.19506172856667
NW000433,AWAITCUS,44.64207650273279
SM000502,AWAITCHG,44.62222222165
NW000484,QUEUED,44.28703703742222
NW000405,AWAITCUS,44.106010928777046
ITS00343,SLAHOLD,43.610465116348834
ESI00011,AWAITVEN,43.324999999925
NW000430,AWAITVEN,43.158974359000005
DC000111,QUEUED,42.728070175610526
DC000129,AWAITCHG,42.4962962967
NW000431,PENDINGCUS,41.866666666566665
DC000133,PENDINGVEN,41.70689655178103
NS000101,INPROG,40.19333333266
NW000407,AWAITCHG,40.05833333335
NW000436,QUEUED,40.0
DC000132,INPROG,39.84217195513043
SM000512,INPROG,39.805555555666665
DC000135,AWAITVEN,39.533333333
DC000129,AWAITVEN,39.39222222220334
DC000198,QUEUED,39.38784407746316
ITS00342,AWAITCUS,39.383333333
DC000159,INPROG,39.383333333
SM000514,INPROG,39.18333333338333
DC000110,QUEUED,39.1015873016
NW000405,AWAITCHG,38.907999999843994
EDC00040,AWAITVEN,38.683333333
EDC00018,PENDING,38.683333333
ITS00322,QUEUED,38.65818181828364
DC000132,PENDING,38.346794871769234
NW000412,QUEUED,38.166666667
DC000122,QUEUED,38.14676145354121
DC000133,SLAHOLD,37.69005235618901
NW000489,AWAITCHG,37.6416666665
NW000509,QUEUED,37.15755451715794
DC000202,AWAITCUS,37.08333333323977
NW000427,PENDING,36.63333333325
NW000431,AWAITCHG,36.40000000015294
SM000560,QUEUED,36.32666666668
NW000463,AWAITVEN,36.300666666671994
DC000133,AWAITCHG,36.210666666788
DC000152,AWAITCHG,36.17021276615107
NW000429,INPROG,35.866111111100004
NW000459,SLAHOLD,35.704166666784374
DC000148,SLAHOLD,35.6125
EDC00030,INPROG,35.53666666651002
EDC00018,QUEUED,35.42785234894028
ITS00342,AWAITVEN,35.333333333
SM000558,SLAHOLD,35.12777777666667
NW000431,SLAHOLD,34.99097222219445
EDC00029,AWAITVEN,34.783333333
DC000200,INPROG,34.716980638427536
ITS00368,QUEUED,34.498067632910164
DC000152,SLAHOLD,34.20962962986148
ITS00332,INPROG,34.2
DC000184,QUEUED,33.983333333
SM000557,QUEUED,33.85638888885834
SM000502,QUEUED,33.7983852691049
DC000112,QUEUED,33.616666667
NW000418,QUEUED,33.6
EDC00029,INPROG,33.48873657527932
DC000207,INPROG,33.46772861354019
DC000128,PENDINGCUS,33.254166667575
DC000211,SLAHOLD,33.016666667
EDC00025,SLAHOLD,33.0083333335
ITS00346,QUEUED,32.886753246825435
TIVMON,QUEUED,32.80666666688667
EDC00095,QUEUED,32.49544270837421
NW000428,QUEUED,31.98888888886667
NW000417,AWAITCHG,31.905072463752177
DC000115,AWAITCUS,31.89309523822142
SM000502,AWAITVEN,31.31428571450714
DC000163,PENDINGCUS,31.1866666666
NW000508,INPROG,30.91818181782727
SM000514,QUEUED,30.85
SM000558,QUEUED,30.79471544711281
NW000471,QUEUED,30.6958333332875
DC000101,PENDING,30.65
NW000492,QUEUED,30.59833333327
DC000110,SLAHOLD,30.491666666849998
DC000183,QUEUED,30.365656565596968
EDC00006,AWAITCHG,30.3125
DC000139,QUEUED,30.286094674379285
ITS00313,QUEUED,30.187500000175003
DC000115,QUEUED,30.174877989286134
EDC00020,QUEUED,30.15
SM000537,AWAITCUS,30.15
EDC00054,QUEUED,30.1458333337875
DC000200,QUEUED,30.1176590331288
NW000401,INPROG,30.091666666803576
NW000476,QUEUED,30.0
DC000207,QUEUED,29.91626841896587
DC000133,AWAITVEN,29.80801282051005
ENT00006,QUEUED,29.787179487351267
ITS00377,QUEUED,29.6333333335
NW000456,INPROG,29.633333333
EDC00003,AWAITCUS,29.606666666660004
DC000115,AWAITVEN,29.558333332883336
DC000143,AWAITCHG,28.983333333
DC000128,AWAITCHG,28.914583333275
DC000188,AWAITCUS,28.813207547086794
DC000188,AWAITVEN,28.8020833328375
NW000453,QUEUED,28.652777777949996
NW000417,PENDINGVEN,28.4977777779
NW000430,QUEUED,28.38020833327957
DC000105,INPROG,28.333333333
EDC00002,AWAITVEN,28.183333333
EDC00006,SLAHOLD,27.84298245596842
DC000187,QUEUED,27.7833333335
EDC00004,QUEUED,27.683333333233332
EDC00024,SLAHOLD,27.670833333250002
ENT00039,INPROG,27.6333333335
DC000133,PENDINGCHG,27.633333333
NW000406,QUEUED,27.511111111099996
DC000216,AWAITCUS,27.51
ITS00344,AWAITCHG,27.40000000015
DC000237,QUEUED,27.1243055555
DC000107,INPROG,27.082175032187266
NW000433,AWAITVEN,26.756626505962654
EDC00053,AWAITCUS,26.75
NW000400,SLAHOLD,26.40000000014
NW000417,AWAITVEN,26.2687062937028
NW000463,AWAITCUS,26.05307017569145
DC000242,SLAHOLD,26.0125
DC000132,PENDINGREV,25.785185185266666
NW000480,QUEUED,25.75
DC000179,SLAHOLD,25.694444444566667
EDC00010,QUEUED,25.675185185299696
DC000129,SLAHOLD,25.637681159260868
NW000438,AWAITCHG,25.14642857168571
EDC00051,INPROG,25.041666666850002
DC000194,SLAHOLD,25.00833333335
DC000223,INPROG,24.899637681230434
NW000508,SLAHOLD,24.700000000000003
NW000438,INPROG,24.664892904991273
DC000139,INPROG,24.575520833228122
ITS00321,QUEUED,24.511458333325006
EDC00055,QUEUED,24.28333333335
DC000242,INPROG,24.252020202090907
NW000488,INPROG,24.16794871792308
NW000445,SLAHOLD,24.029166666675
NDS00026,PENDING,24.016666667
NW000414,INPROG,24.00904761904761
DC000118,INPROG,23.699999999866666
DC000133,AWAITCUS,23.59166666646428
ITS00340,AWAITVEN,23.583333333
DC000210,INPROG,23.54462365591614
ITS00343,INPROG,23.38799999995086
DC000122,SLAHOLD,23.240909090936363
DC000135,SLAHOLD,23.11666666656667
DC000120,QUEUED,23.099999999746153
ITS00342,INPROG,23.017187499906246
EDC00018,PENDINGCUS,22.833333333
NW000463,AWAITCHG,22.831547618985716
NW000424,AWAITVEN,22.75666666674
NW000417,PENDINGCHG,22.566666666499998
ITS00343,AWAITCHG,22.540277777508336
SM000512,QUEUED,22.412820512800003
NW000456,QUEUED,22.216666667
NW000431,AWAITCUS,22.2083333335
ITS00331,SLAHOLD,22.125
ITS00343,AWAITCUS,21.894871794823075
EDC00021,INPROG,21.780722891963855
ENT00014,QUEUED,21.65
EDC00003,QUEUED,21.617883211687587
ENT00005,QUEUED,21.483333333500003
NDS00031,QUEUED,21.383333333
DC000152,AWAITCUS,21.25816326525511
ITS00359,AWAITVEN,21.05
DC000193,QUEUED,20.990476190571428
ITS00376,INPROG,20.877777777883335
COR00552,QUEUED,20.716666667
DC000111,INPROG,20.606790123607407
NW000431,INPROG,20.51945259038034
NDS00026,QUEUED,20.329166666675
DC000155,AWAITVEN,20.231111111046665
DC000115,INPROG,20.148805256835125
SM000561,AWAITCHG,20.116666667
ITS00340,SLAHOLD,20.066666666849997
DC000230,QUEUED,20.0
DC000188,AWAITCHG,19.984615384538458
DC000141,QUEUED,19.983333333
SM000537,INPROG,19.96359649131052
ESI00045,INPROG,19.950000000000003
NW000452,INPROG,19.743333333399995
NW000405,PENDING,19.68464912279473
DC000188,SLAHOLD,19.5729166665875
NW000448,AWAITCUS,19.5666666665
ESI00012,QUEUED,19.4888888889
DC000127,AWAITCUS,19.460256410246153
DC000206,QUEUED,19.440306834037056
NW000431,AWAITVEN,19.386666666804448
SM000560,INPROG,19.194444444333335
DC000179,INPROG,19.05641025637692
NW000463,SLAHOLD,18.99583333335
NW000433,SLAHOLD,18.914120370472222
DC000113,AWAITCHG,18.9
DC000132,PENDINGCHG,18.6857142853
NDS00033,PENDINGREV,18.607407407366665
NW000472,INPROG,18.511111111
DC000200,SLAHOLD,18.4333333334
EDC00002,PENDINGCUS,18.388095238614287
ITS00353,INPROG,18.30555555566667
DC000203,AWAITCHG,18.1625000001
ITS00307,QUEUED,18.002645502596835
NW000417,PENDING,17.79055555560333
EDC00054,INPROG,17.683333333500002
DC000221,AWAITCUS,17.64886621314355
ITS00308,PENDINGREV,17.566666667
ITS00381,SLAHOLD,17.501041666650003
NW000417,SLAHOLD,17.41321243519534
ITS00306,QUEUED,17.260108024655565
EDC00024,AWAITCUS,17.254761904714286
NW000459,AWAITCUS,17.226126126197293
NW000430,SLAHOLD,17.191666666616666
DC000203,AWAITCUS,17.10744336569854
NW000431,QUEUED,17.095152905222587
NW000434,INPROG,17.061111111233334
DC000178,QUEUED,16.998347107399173
DC000119,QUEUED,16.878368794319154
SM000502,AWAITCUS,16.8583333337375
NW000448,INPROG,16.82830459767414
NW000413,QUEUED,16.783333333
NW000430,INPROG,16.706289308183013
NW000460,AWAITVEN,16.6277777778
DC000224,QUEUED,16.5200000002
SM000537,QUEUED,16.519817073170127
SM000558,INPROG,16.35444444453334
DC000155,SLAHOLD,16.3
DC000178,INPROG,16.199649122814748
DC000122,AWAITCUS,16.160000000140002
ITS00322,INPROG,16.099999999988885
NW000424,SLAHOLD,16.030555555566668
NW000455,QUEUED,15.75
EDC00031,SLAHOLD,15.72499999985
NW000405,PENDINGREV,15.69333333326
DC000163,AWAITVEN,15.659259259255556
DC000163,RESOLVED,15.60505952371131
EDC00002,AWAITCUS,15.548387096903229
ITS00306,INPROG,15.4771604937
NDS00033,INPROG,15.416666666566668
DC000110,PENDINGVEN,15.4
ESI00026,QUEUED,15.300000000099999
DC000121,QUEUED,15.275
NW000444,INPROG,15.172916666250002
DC000131,INPROG,14.919230769492307
EDC00001,PENDING,14.912222222426667
NW000413,INPROG,14.833333333
DC000223,QUEUED,14.742635658899998
DC000129,PENDINGCHG,14.666666667
ITS00103,QUEUED,14.55
NW000410,INPROG,14.544444444566667
NW000424,QUEUED,14.512478185036143
ITS00306,PENDING,14.258333333383334
NW000453,PENDING,14.216666667
DC000236,QUEUED,14.168271502082547
NW000404,QUEUED,14.048968512518575
ITS00347,SLAHOLD,13.949999999999998
DC000236,INPROG,13.935057471165518
NW000420,QUEUED,13.90074074072445
DC000202,QUEUED,13.8804409760657
NW000405,QUEUED,13.707506138189713
ITS00306,SLAHOLD,13.69666666676
SM000559,QUEUED,13.635416666670835
ITS00343,QUEUED,13.570937912862629
EDC00003,PENDINGCUS,13.454166666712501
ENT00003,QUEUED,13.268518518477778
NW000401,SLAHOLD,13.258333333283334
DC000152,PENDING,13.256730769171147
DC000202,INPROG,13.140952380908194
DC000133,INPROG,13.13012388904326
DC000110,PENDINGCUS,13.05
EDC00010,HISTEDIT,13.037500000075
DC000107,QUEUED,13.029223744307536
DC000233,QUEUED,12.98282828281732
NW000433,INPROG,12.876268540138414
DC000163,INPROG,12.806249999769387
ITS00110,INPROG,12.8
ITS00359,SLAHOLD,12.783333333
NW000417,PENDINGREV,12.550833333184999
NW000431,PENDINGVEN,12.46333333326
NW000417,PENDINGCUS,12.44294871798846
NW000427,QUEUED,12.396102150669355
NW000405,INPROG,12.302440944896691
DC000191,INPROG,12.237499999999999
DC000228,INPROG,12.216666667
DC000133,PENDING,12.146396396486487
EDC00025,INPROG,12.10681818194091
EDC00065,INPROG,12.1
DC000206,INPROG,12.082916666696875
EDC00025,QUEUED,12.02323232323485
DC000155,INPROG,11.983683360272044
ITS00307,PENDINGREV,11.933333333
SM000561,QUEUED,11.903531073158481
EDC00095,INPROG,11.840909090945456
NW000509,AWAITVEN,11.799999999957143
NW000508,QUEUED,11.799733759338666
DC000155,QUEUED,11.538774132577151
DC000190,INPROG,11.47666666668
DC000127,INPROG,11.452285618941353
DC000194,AWAITCUS,11.333333333
DC000195,QUEUED,11.333333333
DC000161,INPROG,11.316666667
NW000417,INPROG,11.312335572367783
DC000122,INPROG,11.147916666772222
EDC00053,INPROG,11.141666666725
DC000230,INPROG,11.1
DC000209,QUEUED,11.087309803910719
EDC00089,QUEUED,11.037500000075001
EDC00066,PENDINGCUS,10.966666667
NW000406,INPROG,10.897222222216667
DC000132,PENDINGCUS,10.816666667
EDC00040,INPROG,10.794444444333335
EDC00029,QUEUED,10.671204912923763
NW000407,SLAHOLD,10.566666666666666
DC000199,QUEUED,10.533333333
AP000001,QUEUED,10.434615384669229
ITS00370,INPROG,10.387500000075
DC000203,SLAHOLD,10.35185185172963
DC000139,AWAITCUS,10.325000000075
EDC00009,QUEUED,10.299176954729628
ITS00353,AWAITVEN,10.283333333
NW000438,QUEUED,10.268945547519872
EDC00024,QUEUED,10.199999999983785
SM000537,SLAHOLD,10.16666666665
EDC00053,AWAITVEN,10.15
DC000158,QUEUED,10.0
NW000433,PENDINGVEN,9.981944444466667
ITS00380,QUEUED,9.938095238042859
EDC00010,AWAITCUS,9.85
EDC00003,AWAITCHG,9.8166666667
DC000209,INPROG,9.805008210172414
CG4TECH,AWAITVEN,9.6333333333
DC000155,PENDING,9.60833333315
ITS00376,AWAITCUS,9.55833333315
DC000129,INPROG,9.457727796988234
NW000459,AWAITCHG,9.433333333150001
NW000489,SLAHOLD,9.4166666667
ENT00023,PENDING,9.3166666667
DC000130,SLAHOLD,9.286206896548276
DC000113,INPROG,9.223141486784893
ENT00042,QUEUED,9.172222222099998
DC000242,QUEUED,9.131605691056707
EDC00002,QUEUED,9.03473792398621
SM000564,INPROG,8.9833333333
ENT00002,QUEUED,8.93333333315
NW000500,QUEUED,8.8833333333
NW000433,QUEUED,8.845273191812263
NW000450,INPROG,8.8333333333
ITS00325,QUEUED,8.637037037033334
ITS00325,AWAITCUS,8.5166666667
EDC00008,QUEUED,8.465853658565852
ITS00325,INPROG,8.425000000016666
DC000113,QUEUED,8.416640946502321
NW000447,AWAITVEN,8.291666666575
CG4TECH,QUEUED,8.27500000015
ITS00360,QUEUED,8.2666666667
DC000155,AWAITCUS,8.197777777706667
NW000431,PENDING,8.093750000000002
ESI00026,SLAHOLD,8.0333333333
DC000163,SLAHOLD,8.014583333375
NW000492,INPROG,7.895833333375
EDC00006,INPROG,7.867616959089478
DC000135,INPROG,7.8125000000375
DC000152,INPROG,7.797230352306773
EDC00003,PENDING,7.795833333175
NW000404,INPROG,7.791111111120001
ESI00026,INPROG,7.783333333333334
DC000207,SLAHOLD,7.7666666667
NW000446,QUEUED,7.7666666665
DC000129,AWAITCUS,7.75
DC000140,AWAITCUS,7.65
ITS00344,SLAHOLD,7.520833333325001
DC000229,INPROG,7.512734082389889
EDC00003,INPROG,7.4833333333210525
NW000445,PENDING,7.4
EDC00002,SLAHOLD,7.4
EDC00001,PENDINGVEN,7.3833333333
DC000128,INPROG,7.37948972831471
EDC00006,QUEUED,7.335471698120881
ITS00344,INPROG,7.322222222359998
EDC00077,QUEUED,7.3142857143
DC000113,SLAHOLD,7.2833333335
DC000228,QUEUED,7.199999999925
DC000246,INPROG,7.197777777733333
DC000119,AWAITCHG,7.1833333333
DC000115,HISTEDIT,7.1666666665
DC000110,INPROG,7.15277777775
NW000405,AWAITVEN,7.131770833384374
EDC00009,AWAITCUS,7.1
EDC00053,QUEUED,6.944444444533334
NW000414,QUEUED,6.928014184393619
DC000134,QUEUED,6.9
SM000562,INPROG,6.753160186952292
DC000129,PENDINGREV,6.73333333335
ITS00309,PENDINGVEN,6.7333333333
DC000163,PENDING,6.687333333347999
DC000173,SLAHOLD,6.6833333333
NW000427,AWAITVEN,6.65
EDC00010,PENDING,6.633333333433334
DC000152,QUEUED,6.572296345027556
EDC00021,SLAHOLD,6.566666666700001
EDC00009,INPROG,6.549333333339998
DC000183,INPROG,6.53541666665
EDC00023,QUEUED,6.50555555555
ITS00381,INPROG,6.476775956306558
ESI00028,SLAHOLD,6.4666666667
NW000449,INPROG,6.449019607836767
ITS00327,AWAITVEN,6.4333333333
NW000459,QUEUED,6.426565697905313
DC000188,INPROG,6.412750809053789
ITS00307,INPROG,6.378125000006251
EDC00064,QUEUED,6.3333333333
NW000417,QUEUED,6.329268965497702
SM000514,SLAHOLD,6.2666666667
SM000561,INPROG,6.223129251702041
EDC00018,INPROG,5.941666666850001
NW000448,QUEUED,5.876858108113512
DC000173,AWAITCUS,5.8666666667
ITS00381,QUEUED,5.808422939078854
DC000185,INPROG,5.8
DC000236,AWAITVEN,5.8
DC000245,INPROG,5.772222222233334
ITS00340,INPROG,5.721014492786955
DC000133,PENDINGREV,5.720833333350001
DC000191,QUEUED,5.6970332851012575
SM000521,QUEUED,5.6666666667
EDC00002,PENDINGREV,5.66190476192857
DC000119,INPROG,5.63095238097143
NW000449,QUEUED,5.624153463785653
DC000216,SLAHOLD,5.574999999999999
ITS00307,PENDING,5.48333333335
ITS00306,AWAITCHG,5.4166666667
DC000113,PENDINGCUS,5.308333333299999
DC000201,QUEUED,5.300000000075
ITS00347,AWAITCUS,5.25
DC000221,SLAHOLD,5.241358024685185
DC000120,AWAITCHG,5.2
EDC00029,SLAHOLD,5.17166666666
DC000198,INPROG,5.14117647057059
ITS00358,QUEUED,5.136556473823133
NW000447,INPROG,5.105952380935714
NW000459,INPROG,5.07332613391793
DC000203,AWAITVEN,5.071428571485714
ITS00375,QUEUED,5.047169811333963
ITS00332,QUEUED,5.03333333335
NDS00028,INPROG,5.0
ITS00346,SLAHOLD,4.85833333335
DC000191,SLAHOLD,4.841666666666667
DC000170,PENDINGVEN,4.8333333333
EDC00021,AWAITCUS,4.7925925926
NDS00028,PENDINGVEN,4.7666666667
NW000453,AWAITCUS,4.75
DC000190,QUEUED,4.6777777778
DC000163,AWAITCUS,4.644444444466667
DC000147,QUEUED,4.630555555575926
NDS00026,PENDINGVEN,4.6
ENT00015,PENDINGREV,4.6
EDC00002,HISTEDIT,4.5833333333
EDC00010,SLAHOLD,4.54166666665
DC000245,QUEUED,4.533398184161091
NW000463,INPROG,4.507496902100371
SM000562,AWAITCUS,4.429166666675
EDC00001,INPROG,4.385937499990625
DC000154,QUEUED,4.3833333333
EDC00002,PENDING,4.36410256413077
NW000405,PENDINGVEN,4.3611111111000005
SM000562,AWAITCHG,4.3333333333
NW000433,PENDING,4.290000000005
NW000471,INPROG,4.258333333425
DC000221,QUEUED,4.224092409238392
ITS00370,QUEUED,4.21000000006
DC000188,QUEUED,4.162470760234128
NDS00028,PENDINGREV,4.15
DC000163,PENDINGREV,4.116666666666666
DC000130,INPROG,4.105771006454854
EDC00068,PENDING,4.0666666667
DC000122,PENDINGCUS,4.05
ITS00327,INPROG,4.04166666665
ENT00006,AWAITCHG,4.0
EDC00002,INPROG,3.912776506480775
DC000130,PENDINGREV,3.9
EDC00065,AWAITVEN,3.8
DC000143,INPROG,3.8
NW000449,AWAITCUS,3.79999999995
ITS00309,QUEUED,3.76666666665
DC000229,QUEUED,3.715400843882278
CB000600,QUEUED,3.639583333325
ENT00023,QUEUED,3.5833333333
DC000209,AWAITVEN,3.55
DC000221,AWAITVEN,3.5
NW000420,INPROG,3.480601092873771
SM000561,AWAITCUS,3.4666666667
DC000147,INPROG,3.4539999999840005
EDC00002,AWAITCHG,3.4333333333
ENT00006,INPROG,3.4333333333
DC000120,AWAITCUS,3.4
EDC00026,INPROG,3.28333333335
DC000229,SLAHOLD,3.2619047619142854
DC000247,QUEUED,3.2416666666500005
DC000217,AWAITVEN,3.229166666675
COR00557,QUEUED,3.2
ESI00028,AWAITCUS,3.1666666667
NW000433,PENDINGCUS,3.163095238107143
EDC00021,QUEUED,3.116233766264286
EDC00019,SLAHOLD,3.1
DC000129,PENDING,3.0866666667200002
DC000206,SLAHOLD,3.0833333333499997
EDC00021,PENDINGCUS,3.0583333333500002
NW000408,QUEUED,3.05
DC000216,INPROG,3.0361111110333336
ENT00003,INPROG,3.02916666665
ESI00054,QUEUED,2.9166666667
DC000156,QUEUED,2.901707317085703
ITS00368,SLAHOLD,2.887499999925
DC000203,QUEUED,2.8674517664746575
ITS00380,INPROG,2.8666666667
1769,QUEUED,2.86666666665
EDC00027,INPROG,2.84166666665
NW000447,QUEUED,2.8219298245552635
DC000233,SLAHOLD,2.8
NW000427,INPROG,2.741666666622093
DC000163,PENDINGCHG,2.6777777777666665
NW000449,SLAHOLD,2.661111111133333
DC000109,INPROG,2.5666666667
DC000156,PENDING,2.55999999998
ITS00368,INPROG,2.5541666666666667
DC000131,QUEUED,2.4976190476
NW000490,AWAITCUS,2.48333333335
NW000464,QUEUED,2.4666666667
NW000463,QUEUED,2.4345452363815023
DC000152,AWAITVEN,2.4166666666600003
DC000176,QUEUED,2.4164492753671722
EDC00042,QUEUED,2.4
DC000173,INPROG,2.3666666666666667
ITS00353,SLAHOLD,2.3333333333
ESI00043,PENDINGCUS,2.325
DC000176,INPROG,2.310892388447245
ITS00327,QUEUED,2.20333333332
ITS00344,QUEUED,2.181292517005102
EDC00024,AWAITVEN,2.15
SM000542,AWAITCHG,2.1333333333
ITS00348,QUEUED,2.124999999975
DC000168,QUEUED,2.1
SM000542,AWAITCUS,2.0666666667
NW000432,QUEUED,2.0333333333
DC000151,SLAHOLD,2.0333333333
DC000242,AWAITCHG,2.0222222222166666
DC000194,AWAITVEN,2.0
EDC00051,QUEUED,1.9633333333200003
NW000449,AWAITCHG,1.9333333333199998
ITS00103,INPROG,1.9166666667
SM000562,QUEUED,1.896841268387993
SM000501,INPROG,1.8666666667
NDS00032,INPROG,1.85
EDC00029,PENDING,1.84166666665
EDC00025,AWAITCHG,1.8333333333
NW000434,QUEUED,1.8166666667
SM000568,INPROG,1.8
CB000600,INPROG,1.775
NW000468,QUEUED,1.7333333333
DC000128,PENDING,1.6833333333333333
DC000156,INPROG,1.6786738351376318
DC000216,QUEUED,1.66875000000625
NW000489,INPROG,1.6666666666666667
EDC00043,SLAHOLD,1.6166666667
DC000151,INPROG,1.6083333332999998
ITS00345,INPROG,1.6
DC000132,QUEUED,1.432232216719618
NW000405,PENDINGCUS,1.3944444444416666
DC000222,QUEUED,1.3599999999999999
DC000233,INPROG,1.3172839506444431
DC000101,INPROG,1.3018251681060524
NW000509,INPROG,1.2715277777875
DC000131,SLAHOLD,1.25
DC000221,INPROG,1.2480833333349992
NW000433,AWAITCHG,1.2
EDC00048,QUEUED,1.195833333325
DC000114,QUEUED,1.18333333335
ITS00375,INPROG,1.1833333333
NW000472,SLAHOLD,1.1666666667
NW000509,SLAHOLD,1.15
ITS00307,SLAHOLD,1.125
DC000203,INPROG,1.0679415277588307
EDC00021,AWAITCHG,1.0166666667
NW000448,AWAITVEN,0.9766666666600001
CG4TECH,INPROG,0.95
DC000108,QUEUED,0.941666666675
DC000148,INPROG,0.9388888889000001
ENT00003,PENDINGREV,0.9
DC000163,QUEUED,0.7589577950090437
DC000127,QUEUED,0.7287981859441284
NW000417,RESOLVED,0.7074389460044986
EDC00043,QUEUED,0.6666666667
NW000509,AWAITCUS,0.65
NW000472,QUEUED,0.65
DC000133,QUEUED,0.6420153859193297
EDC00048,INPROG,0.6333333333
EDC00068,QUEUED,0.625
DC000129,QUEUED,0.5680790960457628
EDC00033,QUEUED,0.55
DC000128,QUEUED,0.5187847222254157
DC000139,AWAITCHG,0.48333333335000006
NW000447,SLAHOLD,0.4
DC000143,SLAHOLD,0.3833333333
DC000131,PENDINGREV,0.3666666667
DC000130,QUEUED,0.3516915422916421
NDS00039,QUEUED,0.2833333333
NDS00028,PENDING,0.2833333333
NW000491,INPROG,0.2666666667
ITS00347,INPROG,0.26666666665
DC000162,QUEUED,0.25
NW000433,PENDINGCHG,0.25
DC000116,QUEUED,0.2333333333
SM000549,QUEUED,0.2
SM000537,RESOLVED,0.18995215311004787
ITS00359,INPROG,0.175
EDC00008,INPROG,0.17416666667000003
NW000420,AWAITVEN,0.15
NW000447,AWAITCUS,0.15
EDC00010,PENDINGCUS,0.15
ITS00347,QUEUED,0.1375
EU000203,QUEUED,0.1333333333
DC000198,SLAHOLD,0.1166666667
DC000125,QUEUED,0.1166666667
COR00553,QUEUED,0.1166666667
DC000103,QUEUED,0.1166666667
EDC00043,INPROG,0.1
NW000400,AWAITCUS,0.1
DC000133,RESOLVED,0.09720250169130322
DC000139,SLAHOLD,0.09444444443333333
DC000190,SLAHOLD,0.0833333333
NW000437,QUEUED,0.075
NW000427,RESOLVED,0.07380073800738007
DC000176,AWAITCHG,0.07222222223333334
EDC00068,INPROG,0.0666666667
NW000448,SLAHOLD,0.0625
DC000176,SLAHOLD,0.05111111110666666
ITS00322,SLAHOLD,0.05
DC000200,AWAITCUS,0.05
NW000463,HISTEDIT,0.05
ITS00358,INPROG,0.04583333335
ITS00342,SLAHOLD,0.04166666665
DC000173,QUEUED,0.04166666665
EDC00031,RESOLVED,0.0410082769006772
DC000127,RESOLVED,0.03784484546798383
EDC00029,RESOLVED,0.0377319587628866
SM000520,INPROG,0.0333333333
NW000400,PENDING,0.0333333333
DC000130,PENDING,0.0333333333
ITS00326,SLAHOLD,0.0333333333
EDC00029,HISTEDIT,0.029166666675
DC000130,RESOLVED,0.027008032128614457
ITS00309,INPROG,0.025
SM000562,SLAHOLD,0.025
EDC00025,RESOLVED,0.021052631578947368
DC000152,RESOLVED,0.018657690348873185
DC000128,RESOLVED,0.01791831357035573
ENT00042,INPROG,0.0166666667
ITS00331,INPROG,0.0166666667
DC000155,AWAITCHG,0.0166666667
NW000471,SLAHOLD,0.0166666667
EDC00051,SLAHOLD,0.0166666667
ITS00359,QUEUED,0.016666666666666666
SM000537,HISTEDIT,0.016666666666666666
DC000133,HISTEDIT,0.01666666665
NW000483,SLAHOLD,0.01333333336
DC000132,RESOLVED,0.013003820439340974
EDC00053,RESOLVED,0.011111111116666668
SM000558,RESOLVED,0.011111111111299435
NW000424,HISTEDIT,0.00833333335
DC000245,SLAHOLD,0.00833333335
ITS00304,INPROG,0.00833333335
NW000463,RESOLVED,0.005546915500233282
NW000483,INPROG,0.00333333334
DC000203,RESOLVED,0.00274826975696121
ITS00306,RESOLVED,0.0022026431718061676
DC000129,RESOLVED,0.0018467220684210525
SM000502,RESOLVED,0.0016784683976396539
DC000202,RESOLVED,0.00014763779527559058
DC000176,RESOLVED,9.496676153846153e-05
NW000438,RESOLVED,9.457755359394705e-05
NW000460,RESOLVED,0.0
DC000166,INPROG,0.0
NW000459,HISTEDIT,0.0
NW000467,QUEUED,0.0
DC000159,RESOLVED,0.0
DC000166,RESOLVED,0.0
NW000471,RESOLVED,0.0
DC000168,RESOLVED,0.0
DC000156,RESOLVED,0.0
DC000155,RESOLVED,0.0
DC000173,RESOLVED,0.0
NW000459,RESOLVED,0.0
DC000170,QUEUED,0.0
NW000461,RESOLVED,0.0
DC000156,AWAITCHG,0.0
DC000156,HISTEDIT,0.0
NW000476,RESOLVED,0.0
NW000472,RESOLVED,0.0
DC000170,RESOLVED,0.0
NW000461,AWAITVEN,0.0
ITS00358,RESOLVED,0.0
NW000508,RESOLVED,0.0
NW000481,RESOLVED,0.0
DC000107,SLAHOLD,0.0
DC000122,RESOLVED,0.0
DC000120,RESOLVED,0.0
DC000119,RESOLVED,0.0
DC000118,RESOLVED,0.0
DC000115,RESOLVED,0.0
SM000542,RESOLVED,0.0
DC000113,RESOLVED,0.0
DC000111,RESOLVED,0.0
SM000557,RESOLVED,0.0
DC000110,RESOLVED,0.0
DC000109,RESOLVED,0.0
SM000559,INPROG,0.0
DC000108,RESOLVED,0.0
SM000559,RESOLVED,0.0
DC000107,RESOLVED,0.0
DC000152,PENDINGVEN,0.0
SM000561,AWAITVEN,0.0
DC000101,RESOLVED,0.0
SM000561,RESOLVED,0.0
COR00553,RESOLVED,0.0
COR00553,AWAITCUS,0.0
CG4TECH,RESOLVED,0.0
SM000562,RESOLVED,0.0
SM000568,QUEUED,0.0
SM000573,QUEUED,0.0
SM000582,AWAITCUS,0.0
SM000585,RESOLVED,0.0
SM000586,QUEUED,0.0
SM000586,RESOLVED,0.0
AP000007,QUEUED,0.0
SM000520,RESOLVED,0.0
SM000515,RESOLVED,0.0
SM000514,RESOLVED,0.0
SM000512,RESOLVED,0.0
DC000152,HISTEDIT,0.0
NW000483,RESOLVED,0.0
NW000484,RESOLVED,0.0
DC000151,RESOLVED,0.0
NW000488,RESOLVED,0.0
DC000151,HISTEDIT,0.0
DC000150,RESOLVED,0.0
DC000148,RESOLVED,0.0
NW000489,RESOLVED,0.0
DC000147,RESOLVED,0.0
NW000490,RESOLVED,0.0
DC000143,RESOLVED,0.0
DC000141,RESOLVED,0.0
DC000140,RESOLVED,0.0
NW000492,RESOLVED,0.0
DC000140,INPROG,0.0
DC000139,RESOLVED,0.0
DC000135,RESOLVED,0.0
DC000135,AWAITCUS,0.0
DC000178,SLAHOLD,0.0
DC000134,RESOLVED,0.0
NW000509,RESOLVED,0.0
NW000517,RESOLVED,0.0
NW000521,INPROG,0.0
NW000521,QUEUED,0.0
NW000521,RESOLVED,0.0
SM000501,RESOLVED,0.0
DC000132,HISTEDIT,0.0
DC000131,RESOLVED,0.0
DC000178,RESOLVED,0.0
DC000210,RESOLVED,0.0
DC000179,RESOLVED,0.0
ESI00012,RESOLVED,0.0
ESI00026,RESOLVED,0.0
ESI00028,RESOLVED,0.0
ESI00043,RESOLVED,0.0
ESI00045,RESOLVED,0.0
NW000404,RESOLVED,0.0
ESI00052,RESOLVED,0.0
EU000203,RESOLVED,0.0
NW000403,RESOLVED,0.0
ITS00100,QUEUED,0.0
ITS00100,RESOLVED,0.0
ITS00101,RESOLVED,0.0
ITS00103,RESOLVED,0.0
ITS00106,QUEUED,0.0
NW000401,RESOLVED,0.0
ITS00106,RESOLVED,0.0
ITS00108,INPROG,0.0
ITS00304,QUEUED,0.0
ESI00014,RESOLVED,0.0
ESI00011,RESOLVED,0.0
ITS00304,RESOLVED,0.0
ESI00010,RESOLVED,0.0
NW000414,AWAITCHG,0.0
EDC00066,RESOLVED,0.0
NW000412,AWAITVEN,0.0
NW000410,RESOLVED,0.0
EDC00068,RESOLVED,0.0
EDC00089,RESOLVED,0.0
EDC00095,RESOLVED,0.0
ENT00002,RESOLVED,0.0
NW000407,RESOLVED,0.0
ENT00003,RESOLVED,0.0
ENT00006,RESOLVED,0.0
ENT00006,SLAHOLD,0.0
ENT00023,RESOLVED,0.0
NW000406,RESOLVED,0.0
ENT00039,RESOLVED,0.0
ENT00042,RESOLVED,0.0
NW000405,RESOLVED,0.0
NW000400,RESOLVED,0.0
ITS00307,RESOLVED,0.0
DC000180,RESOLVED,0.0
ITS00381,RESOLVED,0.0
ITS00342,AWAITCHG,0.0
ITS00342,RESOLVED,0.0
ITS00343,RESOLVED,0.0
ITS00377,RESOLVED,0.0
ITS00376,RESOLVED,0.0
ITS00344,RESOLVED,0.0
ITS00346,RESOLVED,0.0
ITS00375,RESOLVED,0.0
ITS00370,RESOLVED,0.0
ITS00347,RESOLVED,0.0
ITS00368,RESOLVED,0.0
ITS00348,RESOLVED,0.0
ITS00353,RESOLVED,0.0
ITS00361,RESOLVED,0.0
ITS00360,RESOLVED,0.0
ITS00360,INPROG,0.0
ITS00359,RESOLVED,0.0
ITS00341,RESOLVED,0.0
ITS00340,RESOLVED,0.0
ITS00308,RESOLVED,0.0
ITS00331,RESOLVED,0.0
NS000101,RESOLVED,0.0
ITS00309,RESOLVED,0.0
NDS00039,RESOLVED,0.0
ITS00309,SLAHOLD,0.0
NDS00033,RESOLVED,0.0
ITS00313,RESOLVED,0.0
ITS00321,RESOLVED,0.0
ITS00322,RESOLVED,0.0
NDS00032,RESOLVED,0.0
ITS00325,RESOLVED,0.0
ITS00326,RESOLVED,0.0
NDS00028,RESOLVED,0.0
NDS00028,QUEUED,0.0
ITS00327,RESOLVED,0.0
NDS00026,RESOLVED,0.0
ITS00327,SLAHOLD,0.0
ITS00329,RESOLVED,0.0
NW000414,AWAITVEN,0.0
EDC00065,RESOLVED,0.0
EDC00054,RESOLVED,0.0
DC000203,NEW,0.0
NW000447,RESOLVED,0.0
DC000205,RESOLVED,0.0
DC000206,RESOLVED,0.0
DC000207,RESOLVED,0.0
NW000446,RESOLVED,0.0
DC000209,RESOLVED,0.0
DC000211,RESOLVED,0.0
NW000445,RESOLVED,0.0
DC000216,RESOLVED,0.0
DC000217,RESOLVED,0.0
DC000221,HISTEDIT,0.0
NW000444,RESOLVED,0.0
DC000221,RESOLVED,0.0
DC000222,RESOLVED,0.0
NW000441,SLAHOLD,0.0
NW000441,QUEUED,0.0
DC000223,RESOLVED,0.0
DC000204,RESOLVED,0.0
NW000448,RESOLVED,0.0
NW000414,RESOLVED,0.0
DC000200,RESOLVED,0.0
DC000183,RESOLVED,0.0
NW000456,RESOLVED,0.0
DC000184,RESOLVED,0.0
DC000185,QUEUED,0.0
NW000455,RESOLVED,0.0
DC000186,INPROG,0.0
DC000186,RESOLVED,0.0
NW000453,RESOLVED,0.0
DC000188,RESOLVED,0.0
DC000190,RESOLVED,0.0
DC000191,RESOLVED,0.0
DC000193,RESOLVED,0.0
NW000452,RESOLVED,0.0
DC000194,RESOLVED,0.0
DC000198,RESOLVED,0.0
NW000450,RESOLVED,0.0
NW000449,RESOLVED,0.0
DC000224,RESOLVED,0.0
NW000438,PENDINGREV,0.0
DC000228,RESOLVED,0.0
DC000229,RESOLVED,0.0
NW000430,RESOLVED,0.0
EDC00018,RESOLVED,0.0
EDC00021,RESOLVED,0.0
EDC00024,RESOLVED,0.0
NW000429,RESOLVED,0.0
NW000428,RESOLVED,0.0
EDC00027,QUEUED,0.0
EDC00027,RESOLVED,0.0
NW000424,RESOLVED,0.0
EDC00030,RESOLVED,0.0
NW000420,RESOLVED,0.0
EDC00040,RESOLVED,0.0
EDC00041,INPROG,0.0
EDC00041,RESOLVED,0.0
EDC00043,RESOLVED,0.0
EDC00048,RESOLVED,0.0
NW000414,SLAHOLD,0.0
EDC00010,RESOLVED,0.0
EDC00009,RESOLVED,0.0
EDC00008,RESOLVED,0.0
DC000246,QUEUED,0.0
DC000233,RESOLVED,0.0
DC000236,RESOLVED,0.0
NW000434,RESOLVED,0.0
DC000237,RESOLVED,0.0
NW000433,RESOLVED,0.0
DC000242,RESOLVED,0.0
DC000245,RESOLVED,0.0
DC000246,RESOLVED,0.0
EDC00006,RESOLVED,0.0
EDC00001,PENDINGCHG,0.0
EDC00001,RESOLVED,0.0
EDC00002,RESOLVED,0.0
NW000431,RESOLVED,0.0
EDC00003,RESOLVED,0.0
EDC00004,RESOLVED,0.0
EDC00006,AWAITCUS,0.0
TIVMON,RESOLVED,0.0
CG4TECH,CLOSED,
COR00553,CLOSED,
DC000101,CLOSED,
DC000107,CLOSED,
DC000108,CLOSED,
DC000109,CLOSED,
DC000110,AWAITCUS,
DC000110,CLOSED,
DC000111,CLOSED,
DC000113,CLOSED,
DC000115,CLOSED,
DC000119,CLOSED,
DC000120,CLOSED,
DC000122,CLOSED,
DC000127,CLOSED,
DC000128,CLOSED,
DC000129,CLOSED,
DC000130,CLOSED,
DC000131,CLOSED,
DC000132,CLOSED,
DC000133,CLOSED,
DC000134,CLOSED,
DC000135,CLOSED,
DC000139,CLOSED,
DC000140,CLOSED,
DC000141,CLOSED,
DC000143,CLOSED,
DC000147,CLOSED,
DC000148,CLOSED,
DC000150,CLOSED,
DC000151,CLOSED,
DC000152,CLOSED,
DC000155,CLOSED,
DC000156,CLOSED,
DC000159,CLOSED,
DC000163,CLOSED,
DC000166,CLOSED,
DC000168,CLOSED,
DC000170,CLOSED,
DC000173,CLOSED,
DC000176,CLOSED,
DC000178,CLOSED,
DC000179,CLOSED,
DC000180,CLOSED,
DC000183,CLOSED,
DC000184,CLOSED,
DC000188,CLOSED,
DC000190,CLOSED,
DC000191,CLOSED,
DC000193,CLOSED,
DC000194,CLOSED,
DC000198,CLOSED,
DC000200,CLOSED,
DC000202,CLOSED,
DC000203,CLOSED,
DC000204,CLOSED,
DC000205,CLOSED,
DC000206,CLOSED,
DC000207,CLOSED,
DC000209,CLOSED,
DC000210,CLOSED,
DC000211,CLOSED,
DC000216,CLOSED,
DC000217,CLOSED,
DC000221,AWAITCHG,
DC000221,CLOSED,
DC000222,CLOSED,
DC000222,INPROG,
DC000223,CLOSED,
DC000224,CLOSED,
DC000226,QUEUED,
DC000228,CLOSED,
DC000229,AWAITCHG,
DC000229,CLOSED,
DC000233,CLOSED,
DC000236,CLOSED,
DC000237,CLOSED,
DC000242,CLOSED,
DC000245,CLOSED,
DC000246,CLOSED,
EDC00001,CLOSED,
EDC00002,CLOSED,
EDC00003,CLOSED,
EDC00004,CLOSED,
EDC00006,CLOSED,
EDC00008,CLOSED,
EDC00009,CLOSED,
EDC00010,CLOSED,
EDC00018,CLOSED,
EDC00021,CLOSED,
EDC00024,CLOSED,
EDC00025,CLOSED,
EDC00027,CLOSED,
EDC00029,CLOSED,
EDC00030,CLOSED,
EDC00031,CLOSED,
EDC00040,AWAITCUS,
EDC00040,CLOSED,
EDC00040,QUEUED,
EDC00041,AWAITCUS,
EDC00041,CLOSED,
EDC00041,QUEUED,
EDC00041,SLAHOLD,
EDC00043,CLOSED,
EDC00048,CLOSED,
EDC00051,CLOSED,
EDC00053,CLOSED,
EDC00054,CLOSED,
EDC00065,CLOSED,
EDC00066,CLOSED,
EDC00068,CLOSED,
EDC00089,CLOSED,
EDC00095,CLOSED,
ENT00002,CLOSED,
ENT00003,CLOSED,
ENT00006,CLOSED,
ENT00023,CLOSED,
ENT00039,CLOSED,
ENT00042,CLOSED,
ESI00010,CLOSED,
ESI00011,CLOSED,
ESI00012,CLOSED,
ESI00014,CLOSED,
ESI00026,CLOSED,
ESI00028,CLOSED,
ESI00043,CLOSED,
ESI00045,CLOSED,
ESI00052,CLOSED,
EU000203,CLOSED,
ITS00100,CLOSED,
ITS00100,INPROG,
ITS00101,CLOSED,
ITS00103,CLOSED,
ITS00106,CLOSED,
ITS00106,INPROG,
ITS00304,CLOSED,
ITS00306,CLOSED,
ITS00307,CLOSED,
ITS00308,CLOSED,
ITS00309,CLOSED,
ITS00313,CLOSED,
ITS00321,CLOSED,
ITS00322,CLOSED,
ITS00325,CLOSED,
ITS00326,CLOSED,
ITS00327,CLOSED,
ITS00329,AWAITVEN,
ITS00329,CLOSED,
ITS00329,INPROG,
ITS00331,CLOSED,
ITS00340,CLOSED,
ITS00341,CLOSED,
ITS00342,CLOSED,
ITS00343,CLOSED,
ITS00344,CLOSED,
ITS00346,CLOSED,
ITS00347,CLOSED,
ITS00348,AWAITCHG,
ITS00348,CLOSED,
ITS00353,CLOSED,
ITS00358,CLOSED,
ITS00359,CLOSED,
ITS00360,CLOSED,
ITS00361,CLOSED,
ITS00361,INPROG,
ITS00361,QUEUED,
ITS00368,CLOSED,
ITS00370,CLOSED,
ITS00373,INPROG,
ITS00375,CLOSED,
ITS00376,CLOSED,
ITS00377,CLOSED,
ITS00381,AWAITCHG,
ITS00381,CLOSED,
ITS00400,QUEUED,
NDS00026,CLOSED,
NDS00028,CLOSED,
NDS00032,CLOSED,
NDS00033,CLOSED,
NDS00039,CLOSED,
NS000101,CLOSED,
NW000400,CLOSED,
NW000401,CLOSED,
NW000403,CLOSED,
NW000404,CLOSED,
NW000405,CLOSED,
NW000406,CLOSED,
NW000407,CLOSED,
NW000410,CLOSED,
NW000414,CLOSED,
NW000417,CLOSED,
NW000420,CLOSED,
NW000424,CLOSED,
NW000427,CLOSED,
NW000428,CLOSED,
NW000429,CLOSED,
NW000430,CLOSED,
NW000431,CLOSED,
NW000433,CLOSED,
NW000434,CLOSED,
NW000438,CLOSED,
NW000444,AWAITVEN,
NW000444,CLOSED,
NW000445,CLOSED,
NW000446,CLOSED,
NW000447,CLOSED,
NW000448,CLOSED,
NW000449,CLOSED,
NW000450,CLOSED,
NW000452,CLOSED,
NW000453,CLOSED,
NW000455,CLOSED,
NW000456,CLOSED,
NW000457,CLOSED,
NW000459,CLOSED,
NW000460,CLOSED,
NW000461,CLOSED,
NW000463,CLOSED,
NW000471,CLOSED,
NW000472,CLOSED,
NW000476,CLOSED,
NW000481,CLOSED,
NW000483,CLOSED,
NW000484,CLOSED,
NW000488,CLOSED,
NW000489,CLOSED,
NW000490,CLOSED,
NW000490,INPROG,
NW000492,CLOSED,
NW000508,CLOSED,
NW000509,CLOSED,
NW000517,CLOSED,
NW000521,AWAITVEN,
NW000521,CLOSED,
SM000501,CLOSED,
SM000502,CLOSED,
SM000512,CLOSED,
SM000514,CLOSED,
SM000515,CLOSED,
SM000520,CLOSED,
SM000537,CLOSED,
SM000542,CLOSED,
SM000557,CLOSED,
SM000558,CLOSED,
SM000559,CLOSED,
SM000560,CLOSED,
SM000561,CLOSED,
SM000562,CLOSED,
SM000585,AWAITCUS,
SM000585,CLOSED,
SM000586,CLOSED,
TIVMON,CLOSED,
