ASSIGNED_GROUP,PRIORITY,STATUS,ACTUAL_COMPLETION_HRS,BUSINESS_COMPLETION_HRS
EDC00031,High,CLOSED,255749.27200000003,255749.27200000003
DC000157,Medium,RESOLVED,16104.71,4610.7
NW000435,Low,CLOSED,15457.16,4431.16
SM000541,Medium,CLOSED,14735.13,4219.11
NW000441,Medium,CLOSED,13967.89,4019.9
ITS00302,Medium,CLOSED,11701.37,3333.5
NW000517,Medium,CLOSED,11506.58,3311.7
ITS00345,Medium,RESOLVED,10820.04,3096.03
DC000213,Low,CLOSED,10588.5,3034.49
SM000575,Low,CLOSED,10558.17,3020.0
DC000196,Medium,CLOSED,10320.06,2970.07
NW000495,Low,CLOSED,9145.196666666667,2611.2000000000003
ESI00042,Low,CLOSED,8230.58,2348.58
ITS00336,Medium,CLOSED,8077.28,2318.1
ITS00337,Medium,CLOSED,7849.036666666667,2244.2233333333334
DC000218,Low,CLOSED,7819.69,2226.97
SM000537,Medium,RESOLVED,7805.56,2248.7
ESI00019,Low,CLOSED,7735.539999999999,2212.285
ITS00356,Low,CLOSED,7621.192,2176.788
ITS00302,Low,CLOSED,7344.82,2095.815
PM000611,Low,CLOSED,7035.496666666666,2003.1433333333334
ITS00102,Low,CLOSED,6401.245,1829.56
DC000107,Medium,RESOLVED,6382.66,1818.67
ITS00362,Medium,CLOSED,6362.995000000001,1819.4899999999998
DC000143,Low,CLOSED,6126.110000000001,1756.395
DC000168,Low,CLOSED,6053.32,1733.68
ITS00365,Medium,CLOSED,5732.77,1636.76
ITS00301,Low,CLOSED,5632.285,1611.9750000000001
NW000514,Medium,INPROG,5571.14,1603.15
ITS00354,Medium,CLOSED,5329.35,1531.35
DC000160,Low,CLOSED,5222.04,1504.78
ITS00306,Medium,RESOLVED,5154.22,1467.02
ITS00329,Low,CLOSED,5025.681785714286,1438.8528571428567
SM000532,Low,CLOSED,4924.1175,1411.0025
ENT00008,Low,CLOSED,4702.04,1358.04
NW000481,Low,RESOLVED,4699.508333333333,1335.58
COR00553,Low,RESOLVED,4613.043333333334,1321.71
NW000480,Medium,RESOLVED,4572.21,1312.45
ITS00371,Medium,CLOSED,4551.95,1314.27
NW000452,Low,RESOLVED,4528.26,1297.4650000000001
NW000422,Low,CLOSED,4460.32,1276.31
NW000451,Medium,CLOSED,4454.407499999999,1273.905
DC000146,Low,CLOSED,4346.9,1252.03
PM000611,Medium,CLOSED,4324.110000000001,1238.404
SM000559,Medium,CLOSED,4162.63,1195.3
DC000180,Medium,CLOSED,4109.148,1176.0366666666666
PM000602,Low,CLOSED,4071.95,1172.52
DC000199,Medium,CLOSED,3890.2550000000006,1110.5885714285714
DC000199,Low,CLOSED,3792.3779999999997,1082.368
NW000441,Low,CLOSED,3666.76,1044.75
NW000417,Low,RESOLVED,3589.1225,1030.595
SM000515,Low,CLOSED,3537.4833333333336,1003.4899999999999
COR00556,Medium,CLOSED,3499.7000000000003,1009.35
NW000481,Low,CLOSED,3493.1899583333347,998.2371666666666
NW000481,Medium,RESOLVED,3373.47,962.5
NW000495,Medium,CLOSED,3258.2900000000004,928.94
DC000132,Low,RESOLVED,3185.1765384615383,911.0603846153847
NW000493,Low,CLOSED,3165.66,907.65
NW000453,Medium,RESOLVED,3090.39,864.4
SM000586,Low,CLOSED,3074.4393333333337,877.8286666666667
ITS00341,Low,RESOLVED,3072.05,880.06
NW000445,Low,RESOLVED,3033.2,864.12
NW000481,Medium,CLOSED,3030.4197315436236,867.6212751677858
NW000436,Low,CLOSED,2821.6130000000003,809.139
DC000226,High,CLOSED,2771.85,2771.85
ITS00362,Low,CLOSED,2766.6119999999996,789.254
NW000490,Low,RESOLVED,2755.8149999999996,775.8
NW000451,Low,CLOSED,2662.3922222222222,768.93
NW000490,Low,CLOSED,2640.036250000001,753.7287500000001
DC000201,Low,CLOSED,2625.2018181818185,754.2336363636364
SM000586,Medium,CLOSED,2588.1645454545455,738.0140909090909
ITS00343,Low,RESOLVED,2531.9,720.2566666666667
NW000411,Medium,CLOSED,2521.53,726.53
NW000480,Low,CLOSED,2515.05,723.306
NW000432,Medium,CLOSED,2490.076249999999,711.1193750000001
NW000455,Low,CLOSED,2439.91,677.9
DC000203,Medium,RESOLVED,2400.84,690.85
NW000502,Low,CLOSED,2377.37,681.36
NS000101,Low,CLOSED,2359.18,677.3839999999998
NW000462,Low,CLOSED,2338.32,666.9566666666667
DC000245,High,CLOSED,2327.96,2327.96
NW000403,Medium,RESOLVED,2274.06,654.05
NS000115,Low,CLOSED,2268.7334883720923,651.2065116279067
DC000180,Low,CLOSED,2261.206666666667,646.0915789473684
DC000114,Low,CLOSED,2245.9525000000003,642.1424999999999
EU000206,Low,CLOSED,2232.072857142857,641.5785714285714
DC000170,Low,CLOSED,2183.99,626.04
SM000520,Medium,CLOSED,2153.43,594.47
EDC00053,Medium,RESOLVED,2148.02,600.0
SDATIER1,Low,CLOSED,2099.635,594.64
DC000132,Medium,RESOLVED,2016.8833333333332,580.6466666666666
NW000490,Medium,RESOLVED,2011.33,565.32
ITS00329,Medium,CLOSED,2002.945405405405,572.0297297297298
SM000514,Medium,CLOSED,1969.8018181818188,559.2900000000001
NW000445,Low,CLOSED,1950.9849738219896,558.0016230366494
ITS00101,Medium,CLOSED,1940.80875,559.7475000000001
NW000419,Medium,CLOSED,1934.07,556.0366666666666
NW000490,Medium,CLOSED,1922.4931372549022,550.0929411764706
DC000132,Low,INPROG,1911.87,529.6
PCR00001,Low,CLOSED,1863.04,521.3
ITS00352,Medium,RESOLVED,1860.6,527.33
ESI00045,Low,CLOSED,1850.130909090909,521.146818181818
DC000225,Medium,CLOSED,1847.8000000000002,540.86
DC000125,Medium,CLOSED,1795.4090476190474,511.67428571428565
ESI00043,Low,CLOSED,1795.176,515.086
NW000474,Medium,CLOSED,1793.1050000000002,510.6099999999999
ITS00350,Medium,CLOSED,1755.75,501.63
DC000211,Low,CLOSED,1750.5120000000002,509.13599999999997
DC000194,Medium,CLOSED,1721.2512500000003,486.815
ITS00353,Low,CLOSED,1710.1070930232563,488.4041860465117
NW000410,Medium,RESOLVED,1698.74,485.14
SM000549,Low,CLOSED,1695.1661764705887,486.991176470588
NW000443,Medium,CLOSED,1674.6733333333334,468.78999999999996
NW000419,Low,CLOSED,1674.0886206896546,479.1493103448276
DC000112,Low,CLOSED,1656.0,480.0
SM000500,Low,CLOSED,1651.614,475.61199999999997
ITS00390,Medium,CLOSED,1651.240769230769,463.50692307692304
AP000011,Low,CLOSED,1582.16,438.16
ENT00016,Low,CLOSED,1581.4280000000003,451.596
NW000445,Medium,CLOSED,1555.3601973684215,441.84276315789447
PM000613,Medium,CLOSED,1521.7399999999998,412.75
ITS00102,Medium,CLOSED,1516.25,434.0575
SM000549,Medium,CLOSED,1509.4446153846152,433.4523076923077
ITS00341,Low,CLOSED,1494.3511494252887,427.1737739463603
NW000439,Low,CLOSED,1483.2623206751068,422.6472151898733
SM000514,Low,CLOSED,1480.166666666667,421.26199999999994
ENT00039,Low,CLOSED,1456.813846153846,416.2761538461539
ITS00326,High,CLOSED,1445.9,1445.9
EDC00076,Low,CLOSED,1432.145,414.14500000000004
DC000145,Low,CLOSED,1420.8775,403.945
ESI00011,Low,RESOLVED,1403.7299999999998,403.4275
ITS00304,Medium,CLOSED,1373.9914285714287,390.2771428571428
NW000459,Low,RESOLVED,1364.62,396.61
EDC00040,Low,RESOLVED,1357.295,397.55
NW000520,Medium,CLOSED,1345.8,371.8
ITS00379,Low,CLOSED,1337.852307692308,380.0592307692308
ITS00304,Low,CLOSED,1333.1049999999998,381.7035714285715
NW000405,Low,INPROG,1328.16,367.35
EDC00003,High,CLOSED,1322.02,1322.02
EDC00031,Low,CLOSED,1315.3270078740136,445.8402362204731
ENT00039,Medium,CLOSED,1312.8999999999999,380.8966666666667
NW000455,Medium,CLOSED,1295.815,375.83
DC000263,Medium,RESOLVED,1295.12,369.11
NS000115,Medium,CLOSED,1286.8274999999999,366.5760000000001
COR00554,Low,CLOSED,1282.4633333333334,369.1333333333334
ITS00341,Medium,RESOLVED,1276.3000000000002,370.44
NW000444,Low,CLOSED,1274.7493617021278,367.9182978723405
DC000119,Low,RESOLVED,1268.8533333333332,357.68
COR00559,Medium,CLOSED,1260.45,372.98
ITS00378,Medium,CLOSED,1258.142,356.544
ITS00327,Medium,RESOLVED,1247.47,369.46
COR00553,Low,CLOSED,1247.356629834255,356.4519889502761
NW000509,Medium,RESOLVED,1246.9299999999998,358.93
ESI00010,Low,CLOSED,1243.6242857142856,358.95857142857136
DC000195,Low,CLOSED,1238.995303030303,356.24333333333334
DC000249,Medium,CLOSED,1234.7850000000003,354.19566666666657
DC000233,Medium,CLOSED,1232.73,357.0522222222222
DC000261,Medium,CLOSED,1195.54,345.54
DC000272,Medium,CLOSED,1178.8377777777778,336.96555555555557
NW000439,Medium,CLOSED,1176.7526190476194,337.0407142857142
SM000568,Low,CLOSED,1175.6483333333333,341.6116666666667
DC000133,Low,RESOLVED,1163.4133333333332,330.86
ESI00012,Medium,CLOSED,1158.899090909091,332.16818181818184
EDC00056,Low,CLOSED,1143.1374999999998,321.19
ITS00374,Medium,CLOSED,1121.52125,317.97291666666666
ITS00379,Medium,CLOSED,1106.36,320.92999999999995
ITS00341,Medium,CLOSED,1100.0945905707185,313.83736972704725
ITS00101,Low,CLOSED,1099.2271428571428,315.5778571428571
COR00557,Low,CLOSED,1096.7214814814809,315.65251851851866
ITS00325,Low,RESOLVED,1086.25,306.25
DC000201,Medium,CLOSED,1062.8554166666668,305.66874999999993
ESI00012,Low,CLOSED,1050.7123456790123,302.3537037037036
DC000130,Low,RESOLVED,1045.4199999999998,302.37
ENT00009,Low,CLOSED,1044.93,299.1
EDC00042,Low,CLOSED,1043.68,300.13250000000005
NW000440,Low,CLOSED,1037.8863864042935,295.22466905187787
ITS00374,Low,CLOSED,1036.0004761904765,291.4985714285714
DC000119,Medium,RESOLVED,1034.0,302.0
DC000121,Medium,CLOSED,1028.065,301.06
DC000187,Low,CLOSED,1023.5166666666668,290.06666666666666
DC000111,Low,CLOSED,1019.2585507246384,291.4287681159422
ITS00383,High,CLOSED,1015.3979999999999,1015.3979999999999
ITS00326,Medium,CLOSED,1014.3489516129034,290.06129032258065
ESI00012,High,CLOSED,1013.51,1013.51
EDC00096,Low,CLOSED,1003.1,295.1
NS000115,Low,RESOLVED,1002.77,284.77
NW000440,Medium,CLOSED,1001.9162445414846,285.28720524017484
NW000411,Low,CLOSED,992.38625,277.7325
ITS00378,Low,CLOSED,991.0333333333334,285.78
NW000432,Low,CLOSED,987.83,286.21
NW000434,Medium,RESOLVED,981.91,277.92
NW000461,Medium,CLOSED,979.7439999999999,281.55800000000005
DC000257,Medium,RESOLVED,967.49,272.75
NW000429,Low,RESOLVED,960.5550000000001,284.225
ITS00359,Low,CLOSED,958.5182130584196,272.3420618556699
NW000423,Low,CLOSED,941.3466666666666,266.5233333333333
DC000200,Medium,RESOLVED,937.11,281.1
NW000425,Low,CLOSED,936.3125,269.70000000000005
DC000107,Low,RESOLVED,932.15,259.05
NW000443,Low,CLOSED,924.6820000000001,266.256
ITS00338,Medium,CLOSED,924.0699999999999,255.075
ITS00390,Low,CLOSED,916.7322222222223,264.24888888888887
DC000186,Low,CLOSED,902.14,256.74333333333334
DC000175,Low,CLOSED,893.54,274.7
DC000250,Medium,RESOLVED,888.6,260.0
NW000400,Medium,RESOLVED,883.22,257.4
DC000187,Medium,CLOSED,882.36,255.3575
EDC00065,Low,CLOSED,877.5400000000002,256.736
DC000195,Medium,CLOSED,864.7536619718309,246.94746478873236
NW000467,High,CLOSED,863.38,863.38
DC000134,Low,CLOSED,860.9667741935481,247.1779569892475
COR00553,Medium,CLOSED,860.7663829787235,246.49382978723415
EDC00026,Low,CLOSED,851.8404545454546,246.26772727272729
SM000585,Medium,RESOLVED,850.67,246.08
NW000404,Medium,CLOSED,843.3093814432988,241.30443298969075
NW000414,Medium,RESOLVED,842.2833333333334,237.49666666666667
NW000453,Low,CLOSED,836.2668717948716,239.40148717948705
NW000414,Low,RESOLVED,825.6133333333333,240.52333333333334
DC000120,Low,CLOSED,818.7972972972972,232.45358108108113
NW000509,Low,RESOLVED,811.8933333333333,243.88666666666668
SM000542,Low,CLOSED,808.2202173913045,232.34673913043477
ITS00359,Medium,CLOSED,803.7335036496354,228.76905109489033
NW000476,Medium,RESOLVED,802.34,222.83
DC000118,Low,CLOSED,800.3066666666668,226.3375
ITS00347,Low,CLOSED,799.1984615384615,221.66153846153844
DC000122,Medium,CLOSED,795.8546022727278,228.00210227272717
NW000404,High,CLOSED,794.49,794.49
ESI00014,Low,CLOSED,788.04,218.055
NW000401,Low,RESOLVED,785.42,225.25
DC000230,Medium,CLOSED,783.2066666666666,225.87
NDS00028,Low,CLOSED,777.1114285714286,226.73285714285717
ITS00308,Low,CLOSED,763.8258518518514,216.97925925925927
NW000401,Medium,CLOSED,759.1220930232558,213.52186046511625
DC000148,Low,CLOSED,758.0675,216.98250000000002
NW000444,Medium,CLOSED,755.1745945945946,217.24216216216217
NDS00038,Low,CLOSED,745.56,226.52
ITS00313,Medium,RESOLVED,745.2,221.2
EDC00005,Low,CLOSED,744.972,215.39000000000001
NW000480,Medium,CLOSED,743.49,214.035
DC000120,Medium,CLOSED,731.78961038961,209.18532467532478
SM000513,Low,CLOSED,722.9366666666666,198.71666666666667
ITS00352,Medium,CLOSED,722.8776595744682,206.5385106382979
DC000111,Medium,CLOSED,720.7032631578951,206.20491228070185
ESI00018,Low,CLOSED,718.61,201.15
DC000224,Low,CLOSED,713.514523809524,203.9673809523809
NW000452,Low,CLOSED,710.1545977011494,202.2528735632184
NDS00033,Low,CLOSED,709.4089062500003,200.66054687499994
DC000194,Low,CLOSED,698.5830000000001,200.17566666666667
ENT00023,Low,CLOSED,697.56,190.93
ENT00009,Medium,CLOSED,692.4100000000001,201.42000000000002
ESI00047,High,CLOSED,692.24,692.24
DC000109,Low,CLOSED,689.7083050847456,197.02355932203383
SM000586,Low,RESOLVED,685.86,204.87
EDC00098,Low,CLOSED,685.5528750000001,196.159875
DC000190,Medium,CLOSED,680.4200000000001,193.834
NW000445,High,CLOSED,679.535,679.535
DC000123,Low,CLOSED,675.1245833333331,189.34208333333333
ITS00344,Low,CLOSED,674.484655172414,191.05965517241387
NW000442,Medium,CLOSED,673.53,191.53
NS000101,Medium,CLOSED,671.618,190.40300000000002
DC000150,Low,CLOSED,670.7462068965517,187.22862068965517
DC000125,Low,CLOSED,669.4558333333333,185.69666666666663
NW000410,Medium,CLOSED,661.6851898734177,187.9710126582278
NW000433,Medium,RESOLVED,661.62,191.83
NW000472,Low,CLOSED,660.887510204082,187.92185714285702
DC000148,Medium,CLOSED,657.83,178.48833333333334
ITS00377,Low,RESOLVED,651.94,193.94
DC000121,High,CLOSED,649.85,649.85
TIVMON,Low,CLOSED,646.87,188.87
SM000580,Medium,CLOSED,644.64,186.63
NW000473,Medium,CLOSED,644.5653797468357,183.1491772151898
ITS00332,Low,RESOLVED,639.72,189.35
EDC00048,Medium,CLOSED,635.255,184.25
ITS00381,Medium,RESOLVED,632.5899999999999,189.97
NS000116,Medium,CLOSED,631.3237931034483,181.0741379310345
NW000457,Low,CLOSED,629.4166666666666,189.84333333333333
DC000216,Medium,RESOLVED,627.21,183.21
DC000250,Low,CLOSED,625.0504166666665,179.9879166666667
ESI00054,Medium,CLOSED,624.09,170.1
DC000185,Low,CLOSED,623.98,179.98
NW000502,Medium,CLOSED,623.6727272727275,178.52818181818188
NW000400,Medium,CLOSED,622.5169158878505,178.04177570093455
DC000135,Low,CLOSED,621.9995783132528,177.5276506024097
NW000472,Medium,CLOSED,621.9814351851855,177.12152777777763
DC000117,Low,CLOSED,620.6644320712699,177.4534966592429
NW000447,Low,CLOSED,620.0350735294116,175.49624999999995
DC000247,Low,CLOSED,615.8507142857143,177.5735714285714
NW000446,Low,CLOSED,611.9114035087719,174.9242105263158
DC000134,Medium,CLOSED,603.6898333333332,172.46083333333334
DC000110,Low,CLOSED,603.5784656084658,171.4048677248676
DC000204,Low,CLOSED,600.7077777777774,167.80090277777794
EDC00066,Medium,CLOSED,597.944,171.22400000000002
EDC00052,Low,CLOSED,597.34,167.34
NW000459,Medium,RESOLVED,597.005,176.8
SM000557,Medium,CLOSED,592.353076923077,166.55269230769224
NW000413,Low,CLOSED,590.2822727272729,166.57738636363635
NW000476,Low,CLOSED,587.2848837209305,167.7306976744186
ITS00353,Medium,CLOSED,586.706818181818,167.69659090909096
NW000407,Low,RESOLVED,585.55,165.58
COR00557,Medium,CLOSED,581.6374999999999,168.80583333333334
DC000132,Low,CLOSED,580.5764808972983,166.3529723098497
NW000457,Medium,CLOSED,580.0033333333332,165.32333333333332
DC000117,Medium,CLOSED,579.3829199372051,166.22678178963884
DC000229,Medium,CLOSED,578.6949999999999,165.37
NW000409,Medium,CLOSED,577.7433333333331,165.23478260869567
DC000135,Medium,CLOSED,572.2828169014082,163.9119366197183
NW000476,Medium,CLOSED,569.5351063829786,161.2959574468085
DC000219,Medium,CLOSED,568.49,172.38
NW000404,Low,CLOSED,567.3617839607193,162.6781342062195
SM000571,Low,CLOSED,565.398,159.18599999999998
ESI00011,Medium,RESOLVED,559.95,160.945
NW000492,Low,CLOSED,556.4083333333334,155.7975
ESI00011,Medium,CLOSED,555.5770466101714,157.77115254237316
ITS00342,Medium,CLOSED,554.6235051546394,157.63319587628862
SM000557,Low,CLOSED,552.6654022988504,156.26229885057478
NW000417,Medium,RESOLVED,550.964,167.89999999999998
DC000156,High,CLOSED,545.8992857142857,545.8992857142857
DC000202,Low,RESOLVED,545.74,163.75
EDC00060,Low,CLOSED,545.505,149.89000000000001
ITS00301,Medium,CLOSED,545.2600000000001,156.8733333333333
NW000456,Medium,CLOSED,542.1383333333334,157.13833333333332
DC000191,Medium,CLOSED,541.7262500000002,155.23874999999987
NW000414,Medium,CLOSED,540.4975304878051,153.98577235772348
NW000438,Medium,CLOSED,537.79776,152.6914133333335
NW000450,Low,CLOSED,537.4322145328716,153.41266435986174
NW000404,Low,RESOLVED,537.165,162.74
NW000503,Medium,CLOSED,537.1499337748345,152.61178807947007
ITS00343,Medium,RESOLVED,534.345,154.35000000000002
NW000462,Medium,CLOSED,533.5516666666666,146.72166666666666
NW000492,Medium,CLOSED,531.9475000000001,153.0275
NW000473,Low,CLOSED,531.7545708582829,149.92165668662685
NW000474,Low,CLOSED,531.34,147.61666666666667
SM000532,Medium,CLOSED,529.4766666666667,153.85000000000002
DC000178,Low,CLOSED,524.8182352941174,149.39818181818185
NW000517,Low,CLOSED,521.18,133.2
EDC00098,High,CLOSED,519.8575000000001,519.8575000000001
DC000178,Medium,CLOSED,518.1083168316832,145.89237623762378
ITS00358,High,CLOSED,514.3457142857143,514.3457142857143
NW000403,Low,CLOSED,510.15016425755636,145.05371222076226
PM000614,Medium,CLOSED,507.65268292682913,142.79926829268288
NW000426,Medium,CLOSED,503.1290000000001,147.3775
NW000430,Medium,RESOLVED,502.09,148.08
NW000509,Medium,CLOSED,500.3411235955057,143.9378651685393
ITS00306,Low,CLOSED,499.0991741071425,141.3222991071428
DC000257,Low,CLOSED,497.915277777778,142.4616666666667
NW000447,Medium,CLOSED,489.058046875,138.03656250000006
NDS00033,Medium,CLOSED,488.90833333333325,142.39222222222222
SM000542,Medium,CLOSED,488.3345454545455,143.01848484848483
NW000488,Low,CLOSED,488.3019512195123,139.4741463414635
ITS00326,Low,CLOSED,486.7331830238726,138.60564986737393
ITS00341,High,CLOSED,484.6322222222222,484.6322222222222
ITS00331,Low,CLOSED,479.99499999999983,134.48184210526315
DC000161,Low,CLOSED,479.32,139.32
NW000407,Medium,CLOSED,474.47260536398466,134.68869731800774
NW000471,Medium,CLOSED,474.1379166666668,133.4089583333333
DC000254,Low,CLOSED,473.203125,132.20062499999997
ESI00008,Low,CLOSED,468.73,136.92
NW000476,High,CLOSED,468.44,468.44
DC000109,Medium,CLOSED,467.88385714285715,134.41714285714284
ITS00344,Low,RESOLVED,467.58,137.28
ITS00347,Medium,CLOSED,467.0488888888888,133.58666666666667
DC000223,Medium,CLOSED,467.04766129032254,132.98943548387095
TIVMON,Medium,CLOSED,466.671,131.671
DC000133,Medium,RESOLVED,463.93,136.04333333333332
NW000444,High,CLOSED,463.77,463.77
ESI00045,Medium,CLOSED,463.13000000000005,137.13333333333335
EDC00098,Medium,CLOSED,462.70115384615383,132.89
NW000414,Low,CLOSED,461.5967283628783,131.20684567257507
NW000408,Medium,CLOSED,458.7057798165135,131.26733944954134
SM000501,Low,CLOSED,458.64391752577336,130.59670103092787
ITS00346,High,CLOSED,457.56,457.56
DC000129,Low,RESOLVED,455.96,129.95
DC000117,Medium,RESOLVED,455.52,129.51
EDC00004,Low,CLOSED,451.2940476190475,125.51999999999998
DC000230,Low,CLOSED,451.19,125.2
NW000423,Medium,CLOSED,447.52612244897955,125.61367346938773
ESI00011,Low,CLOSED,446.2347796278151,126.47027983769419
ITS00340,Low,CLOSED,443.3351446945338,124.98395498392277
ITS00325,High,CLOSED,442.625,442.625
ITS00352,Low,CLOSED,440.7903125000001,124.523359375
NW000413,Medium,CLOSED,436.6199999999999,122.89432835820892
DC000186,Medium,CLOSED,436.4004545454545,125.37363636363634
EDC00006,Low,RESOLVED,435.11,123.11
DC000249,Low,CLOSED,434.4390322580645,123.6906451612903
ITS00355,Medium,CLOSED,434.39,123.5
DC000252,Low,CLOSED,432.67115384615397,122.7953846153846
NW000407,Low,CLOSED,428.5125850340137,121.61375850340126
NW000452,Medium,CLOSED,427.84320261437904,123.50640522875817
NW000409,Low,CLOSED,427.16812675266385,120.79115535614116
DC000190,Low,CLOSED,425.7775,121.85749999999996
EDC00031,Medium,CLOSED,425.62515624999986,119.74890624999999
NW000460,Medium,CLOSED,424.1613157894737,123.83039473684217
DC000198,Medium,CLOSED,421.86875,120.15343750000004
DC000122,Low,CLOSED,421.54372262773717,119.55350364963505
ITS00346,Low,CLOSED,421.125,120.94860465116281
NW000503,Low,CLOSED,418.87854419410735,118.30603119584053
DC000123,Medium,CLOSED,417.8965624999999,115.8071875
DC000223,Low,CLOSED,414.1566055045873,118.4588073394495
ITS00367,Medium,CLOSED,412.3457142857143,118.13964285714282
DC000262,Medium,CLOSED,408.9234615384614,116.555
NW000511,Medium,CLOSED,408.78,110.77
NW000401,Low,CLOSED,406.64877777777775,114.35300000000005
ESI00043,Medium,CLOSED,406.19,98.19
EDC00006,Medium,CLOSED,405.72249999999997,115.22079113924055
ITS00309,Low,CLOSED,399.0896097560977,114.47702439024387
ITS00342,Low,CLOSED,398.1588028169015,112.58809859154924
COR00055,Low,CLOSED,397.53,104.82
NW000486,Medium,CLOSED,397.37217391304347,114.1191304347826
EDC00089,Medium,CLOSED,395.24327586206886,115.41137931034487
DC000107,Low,CLOSED,394.61548209366384,112.30374655647387
NW000505,Medium,CLOSED,393.35999999999996,110.39666666666666
ITS00370,Low,CLOSED,392.68333333333334,112.56733333333334
ITS00335,Low,CLOSED,392.62951219512195,111.90512195121948
DC000257,Medium,CLOSED,391.39760000000007,110.78000000000004
ITS00344,Medium,CLOSED,387.54,110.07120805369128
ITS00108,Medium,RESOLVED,384.8,120.8
NW000484,Medium,CLOSED,384.024,110.495
NW000438,Low,RESOLVED,382.84,118.83
NW000471,Low,RESOLVED,382.67,118.69
NW000453,Medium,CLOSED,381.38140776699026,108.33674757281553
DC000222,Medium,RESOLVED,379.365,115.37
DC000228,Low,CLOSED,376.55000000000007,108.79
ITS00306,Medium,CLOSED,375.5940510948906,105.33583941605839
ITS00345,Medium,CLOSED,374.94268456375846,104.71020134228192
EDC00001,Medium,CLOSED,371.34576923076924,104.39961538461537
NW000405,Medium,RESOLVED,369.95199999999994,110.89200000000001
NW000461,Low,CLOSED,366.4807142857144,108.5992857142857
NW000448,Medium,CLOSED,366.0359813084111,104.10691588785042
DC000135,Medium,RESOLVED,362.55,112.55
DC000105,Low,CLOSED,361.18,111.18
NW000471,Low,CLOSED,359.58562737642603,100.92338403041816
DC000254,Medium,CLOSED,355.28111111111116,99.23333333333333
ITS00371,Low,CLOSED,354.84,74.85
DC000237,Low,CLOSED,354.2942483660132,101.48313725490198
ITS00307,Low,CLOSED,353.78124999999994,100.70708333333333
DC000139,Medium,CLOSED,350.8808490566037,99.33622641509432
NW000417,Low,CLOSED,350.2374201664399,99.32981807625303
DC000102,Medium,CLOSED,347.69,107.93
PM000614,Low,CLOSED,346.7256818181817,98.81596590909093
EU000203,Low,CLOSED,345.50335078534033,98.12188481675396
ITS00332,Medium,RESOLVED,339.97,103.96
NSD00018,Low,CLOSED,337.59000000000003,91.695
EDC00010,Medium,CLOSED,336.7523287671232,96.16095890410958
SM000572,Low,CLOSED,334.72,88.73
NW000430,Low,CLOSED,333.9355699481864,94.61137305699474
DC000205,Low,CLOSED,333.4827573529415,95.20664522058819
NW000481,High,CLOSED,333.43,333.43
EDC00074,Low,CLOSED,332.91689655172416,93.39206896551725
NW000464,Medium,CLOSED,332.8410294117648,93.76750000000001
NW000410,High,CLOSED,332.5825,332.5825
DC000247,Medium,CLOSED,331.053,94.15900000000003
ITS00329,Medium,RESOLVED,330.7,94.7
ITS00346,Medium,CLOSED,329.6724905660381,93.32615094339621
ITS00363,Low,CLOSED,329.385294117647,90.56823529411766
NW000469,High,CLOSED,327.515,327.515
NW000400,Low,CLOSED,325.50742021276596,91.00287234042554
SM000582,Medium,CLOSED,323.8281818181818,92.75090909090909
NW000454,Low,CLOSED,323.02,100.22
NW000405,Low,CLOSED,322.3121213171576,90.36453032928965
NDS00032,Low,CLOSED,321.88733333333323,90.26266666666668
DC000133,High,CLOSED,321.7066666666667,321.7066666666667
NW000403,Medium,CLOSED,319.62422945205424,90.32026541095875
DC000183,Low,CLOSED,319.2713953488372,89.95255813953487
ITS00376,Low,CLOSED,319.19228346456686,90.18590551181099
NW000446,Medium,CLOSED,318.35031250000003,91.98609375000001
EDC00075,Medium,CLOSED,317.62,88.874
NW000503,High,CLOSED,316.8957142857143,316.8957142857143
ITS00109,Medium,CLOSED,316.53,88.5325
SM000512,Medium,CLOSED,313.3039393939394,89.78363636363638
DC000224,Medium,CLOSED,312.59119658119664,88.75196581196577
ITS00325,Low,CLOSED,312.5091244239633,88.51382488479261
NW000448,Low,RESOLVED,311.7,89.7
NW000427,Low,CLOSED,311.64237951807235,87.92762048192773
NW000438,High,CLOSED,311.58153846153846,311.58153846153846
ITS00308,Medium,CLOSED,309.91062500000004,86.17479166666668
NW000408,Low,CLOSED,308.6148858447487,87.07707762557071
ESI00026,Low,CLOSED,307.5553267973855,87.4900653594772
SM000512,Low,CLOSED,306.8891428571429,88.01985714285715
ITS00309,Medium,CLOSED,306.455625,88.635
DC000179,Low,CLOSED,306.45487012987,87.01610389610384
ENT00042,Low,CLOSED,305.0510714285715,88.57035714285713
DC000179,Medium,CLOSED,304.2625,86.26030000000003
DC000115,Medium,CLOSED,303.34249603803516,87.03767036450076
EDC00006,Low,CLOSED,300.97148039215676,85.51122549019617
NW000425,Medium,CLOSED,300.3358333333333,87.77999999999999
NS000108,Medium,CLOSED,299.60115384615386,82.30461538461539
ITS00327,Medium,CLOSED,299.45678111587966,84.79399141630901
DC000119,Low,CLOSED,299.06449114275824,84.21230982980197
EDC00054,Medium,CLOSED,298.8039024390244,84.62439024390244
DC000118,Medium,CLOSED,298.3644444444445,85.43629629629629
DC000262,Low,CLOSED,298.1268367346939,82.87265306122448
NW000412,Medium,CLOSED,296.62820175438554,83.3819649122807
EDC00053,High,CLOSED,295.89,295.89
ENT00016,Medium,CLOSED,295.805,76.94
DC000108,Low,CLOSED,294.04276422764246,82.6869105691057
ITS00377,Low,CLOSED,293.1558333333334,82.82333333333334
NW000464,Low,CLOSED,290.88361344537816,83.19008403361345
NW000405,Medium,SLAHOLD,290.79,82.78
ITS00358,Low,CLOSED,289.46938579654534,83.25245681381963
DC000198,Low,CLOSED,289.4141360294115,78.91020220588246
ESI00013,Low,CLOSED,289.03,81.04
ENT00009,High,CLOSED,288.975,288.975
EDC00054,Low,CLOSED,287.689633027523,80.1960550458716
ITS00325,Medium,CLOSED,284.4643548387097,80.83838709677421
ITS00327,Low,CLOSED,283.3379054054053,80.4141891891892
ESI00028,Low,CLOSED,282.84048245614053,79.9839473684211
NW000450,Medium,CLOSED,282.4775471698113,81.36075471698112
EDC00055,Medium,RESOLVED,280.26,82.83000000000001
DC000205,Medium,CLOSED,279.7438189845476,77.52514348785873
NW000437,Medium,CLOSED,278.90705882352944,80.81470588235295
SM000520,Low,CLOSED,278.5,79.15166666666666
DC000248,Medium,CLOSED,278.12370370370365,79.04488888888889
DC000119,Medium,CLOSED,277.4229946524068,79.10285204991088
ITS00331,Medium,CLOSED,277.0762068965518,78.14344827586208
NW000412,Low,CLOSED,276.1547587173101,78.00008405977565
ITS00370,Medium,CLOSED,275.15,78.34470588235294
NW000486,Low,CLOSED,274.86166666666657,80.67555555555556
NW000406,Low,CLOSED,273.54599999999994,75.88733333333334
EDC00095,High,CLOSED,272.57666666666665,272.57666666666665
ITS00367,Low,CLOSED,271.5546153846154,81.26846153846154
ITS00351,Low,CLOSED,270.16,76.15
DC000210,Low,CLOSED,270.1379695431472,76.57431472081224
DC000115,Low,CLOSED,270.0939586500458,75.32917300091205
ITS00380,Medium,CLOSED,269.5464615384615,75.50276923076919
DC000237,Medium,CLOSED,268.04567441860473,76.06027906976743
NW000410,Low,CLOSED,266.97608419380424,75.52400317712475
EDC00066,Low,CLOSED,266.0682857142857,74.72828571428572
EDC00050,Low,CLOSED,264.88,90.88
DC000133,Medium,CLOSED,264.54169491525414,75.05644067796612
DC000152,Medium,RESOLVED,264.06,90.06
NW000429,Medium,CLOSED,262.97710762331815,74.29403587443952
DC000131,Low,CLOSED,262.54011764705893,75.25988235294118
DC000253,Low,CLOSED,262.175,73.65277777777777
NW000509,Low,CLOSED,261.8147843942505,75.48141683778236
EDC00053,Medium,CLOSED,260.62704663212435,74.12829015544033
ITS00109,Low,CLOSED,260.19,56.2
DC000121,Low,CLOSED,259.03111111111116,75.69333333333333
DC000127,Medium,RESOLVED,257.65,90.0
NW000431,Low,CLOSED,255.5653521907929,72.72850249584026
ITS00342,High,CLOSED,255.30666666666664,255.30666666666664
ITS00343,Medium,CLOSED,254.16135714285693,71.41562244897959
ITS00340,Medium,CLOSED,253.22522673031025,70.97782816229119
DC000210,Medium,CLOSED,252.598021978022,71.3214835164835
DC000149,Low,CLOSED,252.35999999999999,67.325
ITS00312,Medium,CLOSED,250.81714285714287,69.37857142857143
NW000405,Medium,CLOSED,250.5182224532224,71.11671517671523
DC000139,Low,CLOSED,249.2520297029703,70.45569306930693
ITS00332,Low,CLOSED,248.88565677966113,69.94536016949161
NW000488,Medium,CLOSED,247.3583606557377,70.98393442622948
NW000448,Low,CLOSED,246.77160305343511,68.04554707379131
ITS00100,Medium,CLOSED,246.42333333333332,67.00666666666667
EDC00055,Medium,CLOSED,246.3057777777778,69.8351111111111
EDC00030,Low,CLOSED,246.06541176470571,71.3615294117647
DC000113,Medium,CLOSED,245.03297142857156,69.76367619047615
COR00552,Medium,CLOSED,244.88618421052635,71.42539473684212
DC000122,Low,RESOLVED,242.28,82.29
NW000430,Medium,CLOSED,241.89357692307692,67.49688461538459
SM000502,Medium,CLOSED,240.9954729729731,69.02040540540537
DC000246,Low,CLOSED,240.65166666666667,66.99
NDS00026,Low,CLOSED,240.64416666666673,71.5475
ESI00011,High,CLOSED,240.55059999999997,240.55059999999997
NW000477,Medium,CLOSED,240.31333333333336,60.13833333333333
SM000502,Low,CLOSED,238.84070823710576,68.68077752117011
EDC00062,Low,CLOSED,238.58864864864867,68.06270270270268
EDC00095,Medium,CLOSED,237.708125,65.77562500000002
ITS00322,Medium,CLOSED,236.64437500000005,67.21240384615385
ITS00383,Low,CLOSED,235.37,45.37
DC000204,Medium,CLOSED,235.11488721804506,64.5878947368421
NW000439,High,CLOSED,234.71166666666667,234.71166666666667
NW000430,Low,RESOLVED,232.38,72.39
ITS00322,Low,CLOSED,231.97887005649736,65.77412429378528
NS000107,Low,CLOSED,231.72,76.9
ITS00103,Medium,CLOSED,229.345,66.73750000000001
ITS00313,High,CLOSED,228.77499999999998,228.77499999999998
DC000131,Medium,CLOSED,228.21590909090918,63.60772727272728
EDC00043,Low,CLOSED,227.25333333333333,65.50666666666666
NW000432,High,CLOSED,227.044,227.044
NW000483,Low,CLOSED,226.30596491228067,62.14070175438597
ITS00110,Medium,CLOSED,225.0233333333333,56.78666666666667
DC000231,Medium,CLOSED,222.39749999999998,62.894999999999996
COR00554,Medium,CLOSED,221.558,61.96999999999999
ITS00349,Low,CLOSED,220.70749999999998,61.95750000000001
ITS00338,Low,CLOSED,220.2166666666667,64.982
ITS00381,Medium,CLOSED,219.47388059701498,63.150820895522365
EDC00030,Medium,CLOSED,219.45744186046508,57.2432558139535
NW000449,Medium,CLOSED,219.12177215189868,61.32962025316452
EDC00001,Low,CLOSED,218.16659722222207,62.502638888888896
EDC00089,Low,CLOSED,216.92752941176482,61.07870588235293
DC000248,Low,CLOSED,216.73388888888894,61.859999999999985
ITS00312,Low,CLOSED,214.215303030303,60.85500000000002
NW000429,Low,CLOSED,212.83454439705326,59.18987592089937
NS000108,Low,CLOSED,212.33152173913044,60.07652173913041
DC000127,Low,CLOSED,211.46023471800083,80.70200945626482
ITS00343,Low,CLOSED,211.30533057851278,58.994231404958704
EDC00075,Low,CLOSED,209.4525,51.6125
DC000203,Low,RESOLVED,208.14,63.55
NW000498,Low,CLOSED,208.09,54.13
DC000128,Medium,CLOSED,207.32133663366335,60.21737623762378
EDC00055,Low,CLOSED,206.79862068965514,57.68206896551724
NW000417,Medium,CLOSED,206.6689260682797,58.03908885371916
ESI00026,Medium,CLOSED,206.27509090909092,60.02836363636364
NW000520,Low,CLOSED,203.95,62.98
EDC00009,Low,CLOSED,203.74790209790203,57.044825174825185
SM000517,Low,CLOSED,203.63531250000003,56.5978125
DC000195,High,CLOSED,203.51000000000002,203.51000000000002
COR00556,Low,CLOSED,203.455,54.459999999999994
EDC00029,Low,CLOSED,203.10278869778878,58.19131449631449
NW000494,Low,CLOSED,202.146,55.84480000000001
NW000460,Low,CLOSED,201.8696226415094,57.821320754716986
DC000141,Low,CLOSED,201.0907522567705,56.31733199598794
EDC00068,Low,CLOSED,201.07875,58.5025
NW000477,Low,CLOSED,200.66000000000003,57.34472049689443
DC000119,High,CLOSED,200.5144827586207,200.5144827586207
NW000402,Low,CLOSED,197.27666666666667,53.94
DC000129,Medium,CLOSED,195.57849999999993,55.0240714285714
ITS00330,Medium,CLOSED,194.07982142857148,54.82339285714284
DC000156,Medium,CLOSED,193.58837606837602,56.17094017094017
DC000150,Medium,CLOSED,193.222,55.303999999999995
ESI00052,Low,CLOSED,192.08333333333334,49.56666666666666
SM000500,High,CLOSED,192.0,192.0
EDC00095,Low,CLOSED,191.9500363636364,51.291163636363656
ESI00047,Low,CLOSED,191.56,59.55
ITS00360,Medium,CLOSED,190.27529411764706,52.775882352941174
NW000420,Medium,CLOSED,189.5532692307693,53.22288461538464
ITS00368,Low,CLOSED,189.45847222222218,52.339722222222235
ITS00373,Medium,CLOSED,189.365,47.365
ESI00026,High,CLOSED,189.12199999999999,189.12199999999999
NW000437,Low,CLOSED,188.66358585858583,52.14818181818182
NW000456,Low,CLOSED,188.48000000000002,47.47
ITS00357,Low,CLOSED,188.336,50.092
DC000237,High,CLOSED,187.73700000000002,187.73700000000002
EDC00053,Low,CLOSED,187.0060317460318,53.05817460317461
EDC00004,Medium,CLOSED,185.36499999999998,53.437777777777775
COR00552,Low,CLOSED,184.9758718861209,53.3455516014235
DC000110,Medium,CLOSED,183.38686440677952,51.31182203389832
NS000102,Low,CLOSED,182.5,51.25
DC000223,High,CLOSED,182.39999999999998,182.39999999999998
COR00559,Low,CLOSED,182.29933333333335,54.02333333333333
ITS00345,Low,CLOSED,182.18980519480533,49.591753246753214
EDC00065,Medium,CLOSED,181.40499999999997,56.400000000000006
ITS00361,Low,CLOSED,180.715,52.7775
ITS00345,High,CLOSED,180.24333333333334,180.24333333333334
NW000483,Medium,CLOSED,179.07466666666662,52.71399999999999
DC000107,Medium,CLOSED,178.43942786069644,50.764154228855766
ESI00054,Low,CLOSED,177.97428571428574,51.120000000000005
EDC00003,Medium,CLOSED,176.418,49.31466666666665
ITS00309,High,CLOSED,175.53,175.53
DC000183,Medium,CLOSED,175.39666666666668,45.83833333333334
DC000184,Medium,CLOSED,174.52,56.52
DC000252,Medium,CLOSED,174.3102083333334,48.047083333333326
NW000434,Medium,CLOSED,174.09846153846152,46.70903846153845
DC000113,Low,CLOSED,174.04478494623646,48.63990591397856
NW000420,Low,CLOSED,173.12805970149245,49.50052238805971
NW000449,High,CLOSED,172.97454545454545,172.97454545454545
DC000101,Low,CLOSED,172.32088785046736,49.38224299065418
ITS00387,Medium,CLOSED,171.64,53.65
ITS00347,High,CLOSED,171.19,171.19
EDC00003,Low,CLOSED,170.93311926605503,47.80738532110094
NW000407,High,CLOSED,170.5851851851852,170.5851851851852
DC000222,Low,CLOSED,170.13850000000002,45.788000000000004
DC000186,High,CLOSED,169.96,169.96
EDC00041,Low,CLOSED,169.5571875,47.013125
EDC00009,Medium,CLOSED,169.20099999999996,48.8
NW000414,High,CLOSED,168.880297029703,168.880297029703
EDC00023,Low,CLOSED,167.91,49.9
ITS00365,Low,CLOSED,166.12,48.14
EDC00048,Low,CLOSED,166.10999999999999,43.125
ITS00332,Medium,CLOSED,165.5702932098765,45.75660493827158
DC000205,High,CLOSED,165.48666666666665,165.48666666666665
DC000151,Low,CLOSED,164.89999999999998,46.894999999999996
SM000582,Low,CLOSED,164.0333333333333,48.43666666666667
SM000585,Low,CLOSED,163.90694117647055,45.36788235294119
NW000424,Low,CLOSED,163.54953389830504,45.90661016949155
DC000216,Low,CLOSED,163.29766148814383,45.63087489779234
NW000438,Low,CLOSED,161.61313357972486,44.036343717001095
ITS00313,Low,CLOSED,161.33683274021357,46.26758007117438
NW000521,Low,CLOSED,160.0528205128205,46.205897435897434
ITS00375,Low,CLOSED,157.9688,44.28279999999999
NW000510,Medium,CLOSED,156.72478260869568,43.58021739130434
EDC00040,Medium,CLOSED,156.71617647058824,46.186470588235295
NW000489,Medium,CLOSED,156.47382352941176,43.76588235294116
NW000489,Low,CLOSED,156.4209433962264,43.77528301886792
DC000250,Medium,CLOSED,155.19577777777772,45.066666666666656
SM000558,Medium,CLOSED,153.46636363636364,43.00113636363637
EDC00026,Medium,CLOSED,153.295,42.19
DC000159,Low,CLOSED,153.01,41.13
DC000236,Low,CLOSED,152.7344764890283,44.20635109717866
ENT00005,Medium,CLOSED,151.41312500000004,42.10651041666666
DC000128,Low,CLOSED,151.03222343921144,43.54911281489592
DC000202,Medium,CLOSED,149.3224118589742,41.762508012820504
SM000585,Medium,CLOSED,149.11285714285717,41.58607142857143
ENT00040,Low,CLOSED,148.73,44.74
EDC00024,Low,CLOSED,148.21525316455697,40.9151898734177
ITS00368,Medium,CLOSED,148.13500000000002,40.3175
ITS00376,Medium,CLOSED,147.43847457627118,42.36474576271188
DC000263,Low,CLOSED,147.37168750000004,41.14224999999999
DC000101,Medium,CLOSED,147.0134355828222,39.92205521472394
NW000505,Low,CLOSED,146.42666666666665,38.559999999999995
DC000127,Medium,CLOSED,146.22171650055373,42.39152823920267
DC000209,Medium,CLOSED,145.99836492890992,41.96132701421806
SM000513,Medium,CLOSED,145.8,44.085
NW000431,Medium,CLOSED,145.77278257295526,41.37054254007398
SM000537,Low,CLOSED,144.4175925925926,40.45540740740741
DC000132,Medium,INPROG,144.39,40.4
ITS00108,Low,CLOSED,143.4218333333333,41.49883333333333
DC000129,Low,CLOSED,143.37317254174394,41.01029684601112
NW000427,Medium,CLOSED,142.9368923076923,40.88119999999999
EU000203,Medium,CLOSED,142.74742857142863,40.72757142857142
ITS00361,Medium,CLOSED,142.14,45.82
EU000202,Low,CLOSED,141.8455617977528,39.95432584269665
EDC00041,Medium,CLOSED,141.485,48.449999999999996
NW000409,High,CLOSED,141.015,141.015
ITS00381,Low,CLOSED,140.62422053231938,41.797072243346
EDC00010,Low,CLOSED,140.47857397504444,39.933065953654165
DC000207,Low,CLOSED,139.97101052631578,38.93803157894737
NS000117,Low,CLOSED,139.54999999999998,44.79
ITS00301,High,CLOSED,138.96,138.96
ESI00028,Medium,CLOSED,138.2818699186992,39.04691056910571
EDC00030,High,CLOSED,138.07444444444442,138.07444444444442
NDS00031,Low,CLOSED,137.48666666666668,36.03666666666667
ITS00357,Medium,CLOSED,137.39,44.73
ENT00015,Low,CLOSED,136.88,34.335
ITS00351,Medium,CLOSED,135.4,34.03
ITS00103,Low,CLOSED,134.848,38.897999999999996
DC000191,Low,CLOSED,134.6320435762584,36.82823441021787
ITS00335,Medium,CLOSED,134.61666666666665,36.81166666666666
EDC00006,High,CLOSED,133.85493670886075,133.85493670886075
NW000504,Low,CLOSED,133.85000000000002,41.8
DC000140,Medium,CLOSED,133.12405405405394,36.638288288288294
NW000447,High,CLOSED,132.64444444444445,132.64444444444445
DC000184,Low,CLOSED,132.61,34.0
DC000200,Low,CLOSED,131.89240927419362,36.67923387096774
DC000109,High,CLOSED,130.93285714285713,130.93285714285713
DC000156,Low,CLOSED,130.8793633952255,36.41198938992045
ITS00344,High,CLOSED,130.32062500000004,130.32062500000004
ITS00330,Low,CLOSED,130.23821428571424,37.48410714285715
SM000559,Low,CLOSED,130.06375,36.76
ENT00042,Medium,CLOSED,129.88333333333333,39.38
EDC00002,Medium,CLOSED,129.59290322580642,35.38096774193549
NW000426,Low,CLOSED,129.54954545454547,34.68818181818181
NW000412,High,CLOSED,129.14871794871792,129.14871794871792
DC000200,Medium,CLOSED,128.81562724014324,34.45197132616484
DC000140,Low,CLOSED,128.366298076923,36.09692307692309
DC000176,Medium,CLOSED,127.89676923076924,33.83892307692309
ITS00328,Low,CLOSED,127.82000000000001,38.49333333333333
EDC00008,Medium,CLOSED,127.70833333333333,33.265
EU000202,Medium,CLOSED,127.30275862068966,37.243103448275875
DC000108,Medium,CLOSED,126.66650273224046,36.75371584699453
NW000434,Low,CLOSED,126.48047923322683,34.92102236421725
ITS00321,Low,CLOSED,126.31341853035156,34.61143769968049
NW000433,Low,CLOSED,126.10712050984938,32.95056199304748
NW000510,Low,CLOSED,125.79707547169818,36.430660377358485
DC000147,Low,CLOSED,125.58906666666662,34.42033333333336
DC000216,Medium,CLOSED,125.09700803212853,35.15716867469877
NW000446,High,CLOSED,124.80999999999999,124.80999999999999
DC000221,Medium,CLOSED,124.6513559322034,34.82
NW000452,High,CLOSED,123.99777777777778,123.99777777777778
DC000236,Medium,CLOSED,123.05654970760239,34.18581871345032
DC000198,High,CLOSED,122.92,122.92
SM000580,Low,CLOSED,122.15,22.15
DC000127,Low,RESOLVED,122.07000000000001,42.065
NW000440,High,CLOSED,121.48125,121.48125
ITS00349,Medium,CLOSED,121.3075,35.67
ITS00313,Medium,CLOSED,121.29885714285712,34.226571428571425
ITS00380,Low,CLOSED,121.10568831168834,34.5845367965368
EDC00024,Medium,CLOSED,120.56545454545456,33.78272727272729
ITS00343,High,CLOSED,120.43541666666665,120.43541666666665
NW000401,High,CLOSED,120.01,120.01
EDC00040,Low,CLOSED,119.99741935483871,33.976774193548394
NW000400,High,CLOSED,119.88166666666666,119.88166666666666
EDC00005,Medium,CLOSED,118.56,33.555
DC000219,Low,CLOSED,118.04499999999999,28.049999999999997
ENT00007,Low,CLOSED,117.53999999999999,27.545
EDC00029,Medium,CLOSED,117.03843373493976,33.47275602409638
NW000453,High,CLOSED,116.8092857142857,116.8092857142857
EDC00025,Low,CLOSED,116.77984905660371,33.30003773584907
NW000469,Medium,CLOSED,116.58,30.965000000000003
SM000561,Medium,CLOSED,116.53204819277106,33.615662650602395
ITS00374,High,CLOSED,115.735,115.735
ITS00108,Medium,CLOSED,115.28902439024387,32.85829268292685
ENT00006,Low,CLOSED,114.71488372093023,32.59232558139534
NW000508,Low,CLOSED,114.40002247191016,29.505483146067387
EDC00025,Medium,CLOSED,114.2249450549451,32.610769230769215
SM000502,High,CLOSED,113.96666666666668,113.96666666666668
NW000403,High,CLOSED,113.43826923076925,113.43826923076925
DC000133,Low,CLOSED,112.849339491917,31.68669284064664
NW000459,Low,CLOSED,111.23412415269371,28.80621833749546
ITS00332,High,CLOSED,110.60777777777778,110.60777777777778
NW000433,Medium,CLOSED,109.93498991935485,28.96062499999996
DC000263,Medium,CLOSED,107.71755319148934,29.69776595744682
NW000424,Medium,CLOSED,107.67250000000013,29.087324999999993
NW000484,Low,CLOSED,107.60666666666667,28.94666666666667
EDC00067,Low,CLOSED,106.68,20.95
NW000430,High,CLOSED,106.3916,106.3916
NW000427,High,CLOSED,105.57969696969697,105.57969696969697
NW000428,Low,CLOSED,104.85878345498782,29.929927007299266
DC000207,High,CLOSED,104.83888888888886,104.83888888888886
ITS00348,Medium,CLOSED,104.39166666666665,30.925
NW000488,High,CLOSED,104.21999999999998,104.21999999999998
CHNGMGMT,Low,CLOSED,104.16,31.17
DC000141,Medium,CLOSED,104.04940405244344,28.78986889153748
ITS00373,Low,CLOSED,103.71,29.112500000000004
DC000117,High,CLOSED,103.328,103.328
NW000508,Medium,CLOSED,102.63709677419354,28.57387096774193
NS000116,Low,CLOSED,101.91942028985508,29.29753623188406
ENT00008,Medium,CLOSED,101.87,21.52
DC000108,High,CLOSED,101.3305,101.3305
NW000521,Medium,CLOSED,99.10333333333334,26.095000000000002
ITS00307,High,CLOSED,98.575,98.575
DC000203,Medium,CLOSED,95.20402144772116,26.689302949061673
DC000111,High,CLOSED,95.17257142857143,95.17257142857143
SM000560,Low,CLOSED,92.74000000000001,26.729999999999997
DC000253,Medium,CLOSED,92.73435897435898,28.26641025641026
SM000517,Medium,CLOSED,92.25,28.24
ITS00363,Medium,CLOSED,91.45900000000002,21.194
DC000202,Low,CLOSED,91.40850960238012,26.04666215850687
DC000188,Medium,CLOSED,91.16774418604652,25.705744186046502
NW000519,Medium,CLOSED,89.57,33.56
ITS00337,Low,CLOSED,89.30666666666667,15.939999999999998
DC000209,Low,CLOSED,89.17750714966624,24.049814108674912
DC000155,Low,CLOSED,88.88009234111894,24.382737642585578
DC000229,Low,CLOSED,88.48038461538464,23.553717948717942
DC000130,Medium,CLOSED,88.44210396039603,25.160148514851468
NW000490,High,CLOSED,86.92,86.92
NW000429,High,CLOSED,86.81493150684933,86.81493150684933
EDC00014,Low,CLOSED,86.712,18.962
DC000233,Low,CLOSED,86.69091954022981,25.402586206896554
SM000553,Low,CLOSED,86.56142857142856,23.135714285714283
NW000405,High,CLOSED,86.32475609756098,86.32475609756098
SM000557,High,CLOSED,85.2653846153846,85.2653846153846
ITS00360,Low,CLOSED,84.00112903225805,23.46838709677419
ENT00005,Low,CLOSED,83.44683825816485,23.12223794712286
ITS00377,Medium,CLOSED,83.07181818181817,21.581818181818182
NW000449,Low,CLOSED,83.0346753246753,19.577922077922082
COR00551,Low,CLOSED,82.70411764705882,21.174117647058825
EDC00066,High,CLOSED,82.67,82.67
EDC00010,High,CLOSED,81.87666666666665,81.87666666666665
ITS00330,High,CLOSED,81.85499999999999,81.85499999999999
DC000228,Medium,CLOSED,79.66545454545454,22.34090909090909
NW000428,Medium,CLOSED,79.36189473684209,23.802105263157898
EDC00018,Low,CLOSED,79.25971962616819,23.80373831775701
ITS00331,High,CLOSED,79.145,79.145
DC000176,Low,CLOSED,78.80976470588236,21.48841176470587
NW000450,High,CLOSED,78.19333333333333,78.19333333333333
ESI00025,Low,CLOSED,77.44214285714284,18.900714285714287
ITS00307,Medium,CLOSED,77.38663793103451,20.8480172413793
DC000130,Low,CLOSED,76.5408695652174,21.971686574295244
EDC00021,High,CLOSED,76.49300000000001,76.49300000000001
ESI00028,High,CLOSED,76.02,76.02
NW000463,Low,CLOSED,74.7930354131534,17.08826306913998
ITS00315,Low,CLOSED,74.49,20.0
SM000537,Medium,CLOSED,74.11797297297294,19.861959459459463
NW000448,High,CLOSED,73.55888888888889,73.55888888888889
ITS00106,Low,CLOSED,73.482,22.718
ENT00045,Low,CLOSED,73.42692307692306,20.377740384615397
EDC00001,High,CLOSED,73.33800000000001,73.33800000000001
ITS00358,Medium,CLOSED,72.1756567164179,21.590776119402985
NW000459,Medium,CLOSED,71.74388137810729,17.457038813781132
DC000178,High,CLOSED,70.85333333333334,70.85333333333334
NS000106,Medium,CLOSED,69.94,7.95
DC000115,High,CLOSED,69.76356164383562,69.76356164383562
COR00551,Medium,CLOSED,69.39166666666667,22.436666666666667
ITS00306,High,CLOSED,68.18794117647062,68.18794117647062
AP000012,Low,CLOSED,68.02,20.0
ITS00110,Low,CLOSED,67.91666666666667,12.733333333333334
DC000200,High,CLOSED,67.8238888888889,67.8238888888889
ESI00010,Medium,CLOSED,66.39,22.03
NW000431,High,CLOSED,66.20289617486341,66.20289617486341
DC000193,Medium,CLOSED,65.2,20.21
ITS00350,Low,CLOSED,64.62,4.47
EDC00021,Medium,CLOSED,64.6184090909091,18.397727272727266
EDC00099,Medium,CLOSED,64.35,2.83
DC000173,Low,CLOSED,64.12500000000001,19.221666666666668
DC000242,Low,CLOSED,64.06888888888888,18.429027777777776
SM000501,Medium,CLOSED,63.416999999999994,15.462
ITS00375,Medium,CLOSED,63.27394736842106,14.82328947368421
DC000207,Medium,CLOSED,62.90969072164948,17.22283505154639
ESI00049,Low,CLOSED,62.40755555555554,17.869999999999997
DC000206,Low,CLOSED,62.284090909090864,15.854116161616156
ESI00025,Medium,CLOSED,62.04,18.135
ENT00045,Medium,CLOSED,61.14444444444444,15.79
NW000408,High,CLOSED,60.4585,60.4585
DC000201,High,CLOSED,59.32333333333332,59.32333333333332
COR00552,High,CLOSED,57.803333333333335,57.803333333333335
DC000222,Medium,CLOSED,57.19404761904763,15.635476190476188
NW000489,High,CLOSED,56.2,56.2
SM000515,Medium,CLOSED,56.04999999999999,11.183333333333332
NW000434,High,CLOSED,55.72666666666667,55.72666666666667
ITS00340,High,CLOSED,55.39617647058823,55.39617647058823
ITS00359,High,CLOSED,54.518333333333324,54.518333333333324
NW000463,Medium,CLOSED,54.300858725761756,14.105526315789492
EDC00008,Low,CLOSED,54.281632653061216,15.609999999999998
NW000417,High,CLOSED,53.465205479452045,53.465205479452045
ENT00006,Medium,CLOSED,52.970000000000006,16.601875
DC000155,Medium,CLOSED,52.74995948683322,14.155793382849387
DC000129,High,CLOSED,51.98000000000001,51.98000000000001
NW000461,High,CLOSED,50.824999999999996,50.824999999999996
DC000188,Low,CLOSED,50.7998569450853,13.814910013844019
ENT00014,Low,CLOSED,50.62860335195528,14.102793296089391
EDC00083,Medium,CLOSED,50.48,22.48
EDC00002,Low,CLOSED,50.44666367713011,12.203811659192834
SM000558,Low,CLOSED,50.41242187500001,12.409453125
COR00550,Medium,CLOSED,49.96,21.96
DC000221,Low,CLOSED,49.39074753173481,11.864188998589556
ITS00321,Medium,CLOSED,49.048571428571435,14.195714285714287
DC000132,High,CLOSED,48.68941176470588,48.68941176470588
NW000463,High,CLOSED,48.346666666666664,48.346666666666664
DC000246,Medium,CLOSED,48.17,6.66875
NW000475,Medium,CLOSED,47.89,20.0
SM000546,Low,CLOSED,47.87,19.87
DC000163,Low,CLOSED,47.15902394106809,13.609668508287296
DC000110,High,CLOSED,46.62200000000001,46.62200000000001
DC000125,High,CLOSED,46.43,46.43
EDC00021,Low,CLOSED,46.35652968036526,12.155981735159823
SM000542,High,CLOSED,44.57,44.57
DC000245,Low,CLOSED,44.07395437262361,7.620304182509502
ITS00322,High,CLOSED,43.68774193548388,43.68774193548388
NW000464,High,CLOSED,43.409615384615385,43.409615384615385
DC000173,Medium,CLOSED,43.18,6.695
NDS00009,Low,CLOSED,42.47,14.2
ITS00348,Low,CLOSED,42.24907407407408,12.013703703703706
DC000166,Low,CLOSED,41.559999999999995,10.72
NW000498,Medium,CLOSED,41.07,16.63
ENT00036,Low,CLOSED,40.97,12.96
NW000433,High,CLOSED,40.42576923076923,40.42576923076923
DC000206,High,CLOSED,40.20592592592593,40.20592592592593
DC000152,Medium,CLOSED,40.184279191128546,10.032250489236779
SM000568,Medium,CLOSED,40.160000000000004,18.3
ENT00002,Low,CLOSED,39.375,14.24
EDC00042,Medium,CLOSED,39.14,11.18
DC000216,High,CLOSED,38.87882352941176,38.87882352941176
ITS00327,High,CLOSED,38.550000000000004,38.550000000000004
ITS00375,High,CLOSED,38.38,38.38
EDC00051,Low,CLOSED,36.78333333333334,10.783333333333333
ITS00352,High,CLOSED,36.52454545454545,36.52454545454545
DC000242,Medium,CLOSED,36.00515513126493,9.080715990453463
DC000209,High,CLOSED,35.919,35.919
DC000206,Medium,CLOSED,35.82823529411765,8.220160427807484
EDC00064,Low,CLOSED,35.53333333333333,11.083333333333334
NW000507,Low,CLOSED,35.330000000000005,12.926666666666668
CG4TECH,Low,CLOSED,34.785,13.64
ITS00381,High,CLOSED,34.455000000000005,34.455000000000005
ENT00014,High,CLOSED,34.285,34.285
DC000147,Medium,CLOSED,34.085609756097554,9.513170731707314
DC000135,High,CLOSED,33.7525,33.7525
DC000107,High,CLOSED,33.15104938271606,33.15104938271606
ITS00312,High,CLOSED,31.57,31.57
NW000424,High,CLOSED,29.862000000000002,29.862000000000002
DC000152,Low,CLOSED,29.604582808564125,6.495839105793476
DC000221,High,CLOSED,28.682000000000006,28.682000000000006
NW000444,Low,QUEUED,28.37,14.37
DC000179,High,CLOSED,28.24,28.24
EDC00029,High,CLOSED,27.945882352941172,27.945882352941172
SM000516,High,CLOSED,27.01,27.01
EDC00025,High,CLOSED,26.956,26.956
EU000206,Medium,CLOSED,26.32,12.33
ENT00003,Low,CLOSED,26.213571428571434,8.264285714285716
NW000406,Medium,CLOSED,26.2,12.200000000000001
DC000217,Medium,CLOSED,25.33,11.33
DC000191,High,CLOSED,25.22666666666667,25.22666666666667
SM000561,Low,CLOSED,25.18225352112677,7.171596244131459
NW000459,High,CLOSED,24.792694300518118,24.792694300518118
DC000104,Low,CLOSED,24.688333333333333,8.441666666666668
EU000203,High,CLOSED,24.215833333333336,24.215833333333336
NW000480,High,CLOSED,24.2,24.2
DC000245,Medium,CLOSED,23.883636363636366,7.773636363636365
ENT00005,High,CLOSED,23.773636363636363,23.773636363636363
ENT00045,High,CLOSED,23.455,23.455
DC000180,High,CLOSED,23.23,23.23
NW000494,Medium,CLOSED,22.810000000000002,8.805
NDS00032,Medium,CLOSED,22.74,8.74
ITS00104,Medium,CLOSED,22.67,8.67
EDC00064,Medium,CLOSED,22.53,8.54
ITS00380,High,CLOSED,22.38,22.38
DC000202,High,CLOSED,22.235294117647054,22.235294117647054
NW000426,High,CLOSED,22.213333333333328,22.213333333333328
EU000204,Low,CLOSED,22.04,8.05
EDC00054,High,CLOSED,21.86,21.86
EDC00055,High,CLOSED,21.23,21.23
DC000163,Medium,CLOSED,21.065,6.828
DC000170,Medium,CLOSED,21.03,7.03
DC000231,Low,CLOSED,20.49,6.48
ESI00052,High,CLOSED,20.43,20.43
ITS00363,High,CLOSED,20.38,20.38
NW000519,Low,CLOSED,20.36,6.35
SM000553,Medium,CLOSED,20.04,6.05
SM000571,Medium,CLOSED,20.01,6.92
NS000110,Medium,CLOSED,19.93,5.93
ENT00017,Low,CLOSED,19.45,9.4
DC000104,Medium,CLOSED,19.29,8.315714285714284
SM000514,High,CLOSED,18.91875,18.91875
ITS00376,High,CLOSED,17.31,17.31
SM000521,Medium,CLOSED,17.08,0.0
DC000141,High,CLOSED,16.61775510204081,16.61775510204081
DC000139,High,CLOSED,16.543333333333333,16.543333333333333
DC000120,High,CLOSED,16.349999999999998,16.349999999999998
EDC00064,High,CLOSED,15.62,15.62
DC000203,Low,CLOSED,15.379966723417468,2.2334522519733824
ITS00372,High,CLOSED,14.65,14.65
EDC00089,High,CLOSED,14.293333333333331,14.293333333333331
DC000113,High,CLOSED,14.268333333333336,14.268333333333336
ITS00108,High,CLOSED,14.1075,14.1075
NW000428,High,CLOSED,14.032999999999998,14.032999999999998
DC000127,High,CLOSED,13.766874999999999,13.766874999999999
DC000269,Medium,CLOSED,13.27,6.275
DC000188,High,CLOSED,12.473421052631581,12.473421052631581
DC000132,Medium,AWAITVEN,12.41,0.0
NW000486,High,CLOSED,12.280000000000001,12.280000000000001
EDC00068,Medium,CLOSED,12.04,4.07
ITS00308,High,CLOSED,11.90857142857143,11.90857142857143
DC000122,High,CLOSED,11.339999999999998,11.339999999999998
EDC00062,Medium,CLOSED,11.274999999999999,1.035
NW000472,High,CLOSED,10.44,10.44
DC000130,High,CLOSED,10.225,10.225
SM000537,High,CLOSED,9.75,9.75
DC000160,High,CLOSED,9.11,9.11
NW000423,High,CLOSED,8.620000000000001,8.620000000000001
NW000413,High,CLOSED,8.472857142857142,8.472857142857142
DC000152,High,CLOSED,8.41601300108342,8.41601300108342
NS000116,High,CLOSED,8.3,8.3
ESI00049,Medium,CLOSED,7.906666666666667,3.2433333333333336
ITS00378,High,CLOSED,7.7,7.7
DC000236,High,CLOSED,7.621818181818182,7.621818181818182
EDC00002,High,CLOSED,7.46,7.46
ENT00014,Medium,CLOSED,7.125,2.2640000000000002
SM000558,High,CLOSED,7.088000000000001,7.088000000000001
DC000203,High,CLOSED,7.059600000000001,7.059600000000001
DC000190,High,CLOSED,6.24,6.24
NW000420,High,CLOSED,5.36159090909091,5.36159090909091
ENT00039,High,CLOSED,5.22,5.22
SM000519,Low,CLOSED,5.07,5.07
EDC00008,High,CLOSED,4.81,4.81
DC000147,High,CLOSED,4.805,4.805
EDC00028,Low,CLOSED,4.61,0.0
EDC00065,High,CLOSED,4.54,4.54
DC000140,High,CLOSED,4.312222222222221,4.312222222222221
NW000444,Medium,QUEUED,3.7,3.68
DC000128,High,CLOSED,3.67,3.67
NDS00033,High,CLOSED,3.54,3.54
DC000135,Low,SLAHOLD,3.21,3.22
SM000562,Low,CLOSED,2.9815544041450868,0.7830146019783282
NS000108,High,CLOSED,2.9033333333333338,2.9033333333333338
ENT00006,High,CLOSED,2.89,2.89
DC000151,High,CLOSED,2.72,2.72
EDC00062,High,CLOSED,2.54,2.54
DC000210,High,CLOSED,2.460833333333333,2.460833333333333
SM000562,Medium,CLOSED,2.387186738176492,0.44766942954655986
EDC00027,High,CLOSED,2.31,2.31
EDC00043,Medium,CLOSED,2.19,1.265
SM000561,High,CLOSED,2.106666666666667,2.106666666666667
DC000193,Low,CLOSED,2.016666666666667,1.9400000000000002
SM000568,High,CLOSED,1.86,1.86
ENT00003,Medium,CLOSED,1.78,1.78
DC000155,High,CLOSED,1.57,1.57
SM000512,High,CLOSED,1.4833333333333334,1.4833333333333334
ITS00356,Medium,CLOSED,1.41,1.42
EDC00014,Medium,CLOSED,1.4,1.4100000000000001
DC000145,Medium,CLOSED,1.395,1.4000000000000001
EDC00027,Low,CLOSED,1.34,1.35
DC000101,High,CLOSED,1.2650000000000001,1.2650000000000001
PM000613,Low,CLOSED,1.16,1.17
SM000562,High,CLOSED,1.1102941176470587,1.1102941176470587
ITS00360,High,CLOSED,0.98,0.98
ITS00362,High,CLOSED,0.91,0.91
SM000516,Medium,CLOSED,0.87,0.88
NW000444,Medium,SLAHOLD,0.56,0.57
DC000217,Low,CLOSED,0.55,0.55
EU000202,High,CLOSED,0.41000000000000003,0.41000000000000003
NW000444,Medium,AWAITVEN,0.37,0.0
NDS00039,Low,CLOSED,0.36,0.37
ESI00046,Low,CLOSED,0.27,0.0
DC000199,High,CLOSED,0.26,0.26
NW000444,Medium,INPROG,0.11,0.0
ESI00054,High,CLOSED,0.08,0.08
DC000132,Low,AWAITVEN,-0.6777777777777783,0.31777777777777777
DC000132,Medium,CLOSED,-597.8464114832541,108.93468899521532
NW000425,High,CLOSED,-8782.0,-8782.0
COR00055,Medium,INPROG,,
COR00550,Medium,QUEUED,,
COR00553,Low,AWAITCUS,,
COR00556,Low,QUEUED,,
COR00556,Medium,QUEUED,,
COR00558,Low,INPROG,,
DC000107,Low,QUEUED,,
DC000107,Medium,AWAITVEN,,
DC000107,Medium,INPROG,,
DC000107,Medium,QUEUED,,
DC000108,Low,INPROG,,
DC000110,Low,AWAITVEN,,
DC000110,Low,QUEUED,,
DC000110,Medium,SLAHOLD,,
DC000111,Low,AWAITVEN,,
DC000111,Low,QUEUED,,
DC000111,Low,SLAHOLD,,
DC000111,Medium,AWAITVEN,,
DC000111,Medium,SLAHOLD,,
DC000113,Low,AWAITCUS,,
DC000113,Low,QUEUED,,
DC000113,Medium,QUEUED,,
DC000117,Medium,AWAITVEN,,
DC000117,Medium,QUEUED,,
DC000119,Low,AWAITCUS,,
DC000119,Low,QUEUED,,
DC000119,Medium,AWAITVEN,,
DC000119,Medium,QUEUED,,
DC000120,Medium,SLAHOLD,,
DC000122,High,QUEUED,,
DC000122,Medium,QUEUED,,
DC000125,Low,QUEUED,,
DC000129,Low,AWAITCUS,,
DC000129,Low,SLAHOLD,,
DC000130,Low,AWAITCUS,,
DC000130,Low,INPROG,,
DC000130,Medium,QUEUED,,
DC000130,Medium,SLAHOLD,,
DC000132,Low,QUEUED,,
DC000132,Medium,AWAITCHG,,
DC000132,Medium,QUEUED,,
DC000133,Medium,AWAITCUS,,
DC000133,Medium,AWAITVEN,,
DC000133,Medium,QUEUED,,
DC000134,Low,INPROG,,
DC000134,Low,QUEUED,,
DC000134,Medium,AWAITCUS,,
DC000135,Low,AWAITCUS,,
DC000135,Low,INPROG,,
DC000135,Low,QUEUED,,
DC000135,Medium,AWAITCUS,,
DC000135,Medium,AWAITVEN,,
DC000135,Medium,QUEUED,,
DC000135,Medium,SLAHOLD,,
DC000141,Medium,QUEUED,,
DC000145,Low,QUEUED,,
DC000145,Medium,INPROG,,
DC000146,Medium,QUEUED,,
DC000152,Medium,QUEUED,,
DC000156,Medium,AWAITCUS,,
DC000156,Medium,INPROG,,
DC000160,Medium,QUEUED,,
DC000178,Low,INPROG,,
DC000178,Low,QUEUED,,
DC000178,Medium,QUEUED,,
DC000179,Low,QUEUED,,
DC000179,Medium,SLAHOLD,,
DC000180,Medium,QUEUED,,
DC000183,Medium,SLAHOLD,,
DC000190,Low,QUEUED,,
DC000190,Medium,INPROG,,
DC000190,Medium,QUEUED,,
DC000191,Low,QUEUED,,
DC000191,Medium,AWAITCUS,,
DC000191,Medium,QUEUED,,
DC000194,Low,SLAHOLD,,
DC000195,Medium,INPROG,,
DC000198,Low,QUEUED,,
DC000198,Medium,QUEUED,,
DC000199,Low,INPROG,,
DC000202,Medium,SLAHOLD,,
DC000203,Medium,AWAITCUS,,
DC000205,Low,AWAITCUS,,
DC000205,Low,QUEUED,,
DC000205,Medium,QUEUED,,
DC000206,Medium,QUEUED,,
DC000209,Low,AWAITCUS,,
DC000209,Low,SLAHOLD,,
DC000210,Low,INPROG,,
DC000210,Low,QUEUED,,
DC000210,Medium,AWAITCHG,,
DC000210,Medium,AWAITCUS,,
DC000210,Medium,QUEUED,,
DC000215,Low,QUEUED,,
DC000216,Low,AWAITCUS,,
DC000218,Low,QUEUED,,
DC000218,Medium,QUEUED,,
DC000222,Medium,QUEUED,,
DC000223,Medium,QUEUED,,
DC000226,Low,QUEUED,,
DC000234,Low,QUEUED,,
DC000237,Medium,QUEUED,,
DC000249,Medium,AWAITCUS,,
DC000250,Low,INPROG,,
DC000250,Medium,SLAHOLD,,
DC000252,Low,AWAITCUS,,
DC000254,Low,AWAITCUS,,
DC000254,Medium,AWAITVEN,,
DC000257,Low,AWAITCHG,,
DC000257,Low,INPROG,,
DC000257,Low,QUEUED,,
DC000263,Low,AWAITCUS,,
DC000263,Low,INPROG,,
DC000263,Medium,AWAITCUS,,
DC000263,Medium,INPROG,,
DC000269,Medium,SLAHOLD,,
EDC00006,Low,AWAITCUS,,
EDC00006,Low,AWAITVEN,,
EDC00006,Medium,SLAHOLD,,
EDC00040,Medium,AWAITVEN,,
EDC00041,Low,AWAITVEN,,
EDC00053,Low,AWAITVEN,,
EDC00075,Low,QUEUED,,
EDC00075,Medium,QUEUED,,
EDC00095,Low,SLAHOLD,,
ESI00011,High,AWAITCUS,,
ESI00011,High,SLAHOLD,,
ESI00011,Low,AWAITCHG,,
ESI00011,Low,AWAITCUS,,
ESI00011,Low,AWAITVEN,,
ESI00011,Low,SLAHOLD,,
ESI00011,Medium,AWAITCHG,,
ESI00011,Medium,AWAITCUS,,
ESI00011,Medium,SLAHOLD,,
ESI00043,Low,INPROG,,
ESI00043,Low,QUEUED,,
ESI00043,Medium,AWAITCUS,,
ITS00301,Low,INPROG,,
ITS00306,High,QUEUED,,
ITS00306,Low,SLAHOLD,,
ITS00306,Medium,AWAITCUS,,
ITS00306,Medium,INPROG,,
ITS00325,Low,AWAITCUS,,
ITS00326,Low,AWAITCUS,,
ITS00326,Low,INPROG,,
ITS00327,Low,AWAITCHG,,
ITS00327,Low,AWAITVEN,,
ITS00327,Low,QUEUED,,
ITS00327,Low,SLAHOLD,,
ITS00327,Medium,AWAITCUS,,
ITS00327,Medium,AWAITVEN,,
ITS00332,Low,AWAITCUS,,
ITS00332,Low,INPROG,,
ITS00332,Low,SLAHOLD,,
ITS00332,Medium,QUEUED,,
ITS00332,Medium,SLAHOLD,,
ITS00336,Low,QUEUED,,
ITS00336,Medium,QUEUED,,
ITS00340,Low,INPROG,,
ITS00340,Low,QUEUED,,
ITS00340,Medium,AWAITCUS,,
ITS00340,Medium,INPROG,,
ITS00340,Medium,QUEUED,,
ITS00341,Low,AWAITCUS,,
ITS00341,Low,INPROG,,
ITS00341,Low,QUEUED,,
ITS00341,Low,SLAHOLD,,
ITS00341,Medium,AWAITCUS,,
ITS00341,Medium,INPROG,,
ITS00341,Medium,QUEUED,,
ITS00341,Medium,SLAHOLD,,
ITS00342,Medium,INPROG,,
ITS00342,Medium,QUEUED,,
ITS00343,Low,AWAITCUS,,
ITS00343,Low,AWAITVEN,,
ITS00343,Low,INPROG,,
ITS00343,Low,QUEUED,,
ITS00344,Medium,AWAITCUS,,
ITS00344,Medium,INPROG,,
ITS00344,Medium,QUEUED,,
ITS00345,Medium,AWAITCUS,,
ITS00346,Medium,INPROG,,
ITS00346,Medium,QUEUED,,
ITS00353,Low,QUEUED,,
ITS00353,Low,SLAHOLD,,
ITS00359,Low,QUEUED,,
ITS00359,Medium,AWAITVEN,,
ITS00359,Medium,QUEUED,,
ITS00365,Low,QUEUED,,
ITS00367,Medium,AWAITCUS,,
ITS00371,Medium,QUEUED,,
ITS00374,Medium,AWAITCUS,,
ITS00376,Medium,AWAITCUS,,
ITS00377,Medium,INPROG,,
ITS00378,Medium,QUEUED,,
ITS00380,Low,AWAITCUS,,
ITS00381,Medium,AWAITCUS,,
ITS00383,Low,QUEUED,,
ITS00383,Medium,QUEUED,,
ITS00390,High,QUEUED,,
NS000115,Medium,QUEUED,,
NW000400,Low,INPROG,,
NW000400,Medium,AWAITCUS,,
NW000400,Medium,INPROG,,
NW000401,High,INPROG,,
NW000401,Low,AWAITCHG,,
NW000401,Low,AWAITCUS,,
NW000401,Low,INPROG,,
NW000401,Low,QUEUED,,
NW000401,Medium,AWAITVEN,,
NW000401,Medium,INPROG,,
NW000401,Medium,QUEUED,,
NW000403,Low,AWAITCHG,,
NW000403,Low,AWAITCUS,,
NW000403,Low,AWAITVEN,,
NW000403,Low,INPROG,,
NW000403,Low,QUEUED,,
NW000404,Medium,AWAITVEN,,
NW000405,Low,AWAITCUS,,
NW000405,Low,QUEUED,,
NW000405,Medium,AWAITCUS,,
NW000405,Medium,INPROG,,
NW000405,Medium,QUEUED,,
NW000407,Low,INPROG,,
NW000407,Medium,QUEUED,,
NW000408,Medium,QUEUED,,
NW000408,Medium,SLAHOLD,,
NW000413,Medium,AWAITCUS,,
NW000413,Medium,QUEUED,,
NW000414,Low,INPROG,,
NW000414,Medium,AWAITVEN,,
NW000414,Medium,INPROG,,
NW000417,High,SLAHOLD,,
NW000417,Low,AWAITCHG,,
NW000417,Low,AWAITCUS,,
NW000417,Low,AWAITVEN,,
NW000417,Low,INPROG,,
NW000417,Low,QUEUED,,
NW000417,Low,SLAHOLD,,
NW000417,Medium,AWAITCHG,,
NW000417,Medium,AWAITCUS,,
NW000417,Medium,AWAITVEN,,
NW000417,Medium,INPROG,,
NW000417,Medium,QUEUED,,
NW000419,Low,AWAITCUS,,
NW000419,Medium,QUEUED,,
NW000420,Low,INPROG,,
NW000420,Low,QUEUED,,
NW000425,Medium,QUEUED,,
NW000428,Medium,INPROG,,
NW000429,Low,AWAITCUS,,
NW000429,Low,INPROG,,
NW000429,Low,QUEUED,,
NW000429,Medium,AWAITCUS,,
NW000430,High,INPROG,,
NW000430,High,QUEUED,,
NW000430,Low,AWAITCUS,,
NW000430,Low,QUEUED,,
NW000430,Low,SLAHOLD,,
NW000430,Medium,AWAITCUS,,
NW000430,Medium,QUEUED,,
NW000430,Medium,SLAHOLD,,
NW000431,Low,AWAITVEN,,
NW000431,Low,INPROG,,
NW000431,Low,QUEUED,,
NW000431,Medium,AWAITCUS,,
NW000431,Medium,AWAITVEN,,
NW000431,Medium,INPROG,,
NW000431,Medium,QUEUED,,
NW000431,Medium,SLAHOLD,,
NW000433,Low,INPROG,,
NW000434,Medium,AWAITCUS,,
NW000436,Low,INPROG,,
NW000438,Low,AWAITCUS,,
NW000438,Low,INPROG,,
NW000438,Low,QUEUED,,
NW000438,Low,SLAHOLD,,
NW000438,Medium,AWAITCUS,,
NW000438,Medium,QUEUED,,
NW000438,Medium,SLAHOLD,,
NW000439,Low,AWAITCUS,,
NW000439,Low,INPROG,,
NW000439,Low,QUEUED,,
NW000439,Low,SLAHOLD,,
NW000439,Medium,INPROG,,
NW000439,Medium,QUEUED,,
NW000439,Medium,SLAHOLD,,
NW000440,Medium,QUEUED,,
NW000440,Medium,SLAHOLD,,
NW000441,Medium,QUEUED,,
NW000444,High,AWAITCUS,,
NW000444,High,QUEUED,,
NW000444,High,SLAHOLD,,
NW000444,Low,AWAITVEN,,
NW000444,Low,INPROG,,
NW000444,Medium,AWAITCUS,,
NW000445,Low,AWAITCUS,,
NW000445,Low,INPROG,,
NW000445,Low,QUEUED,,
NW000445,Medium,AWAITCUS,,
NW000445,Medium,INPROG,,
NW000445,Medium,QUEUED,,
NW000447,Low,QUEUED,,
NW000448,Low,SLAHOLD,,
NW000449,Medium,QUEUED,,
NW000450,Low,AWAITCUS,,
NW000450,Low,QUEUED,,
NW000452,Medium,AWAITCUS,,
NW000452,Medium,QUEUED,,
NW000453,Low,QUEUED,,
NW000453,Medium,AWAITVEN,,
NW000453,Medium,INPROG,,
NW000456,Low,SLAHOLD,,
NW000456,Medium,AWAITCUS,,
NW000456,Medium,INPROG,,
NW000459,Low,AWAITCUS,,
NW000459,Low,QUEUED,,
NW000459,Medium,QUEUED,,
NW000459,Medium,SLAHOLD,,
NW000463,Medium,AWAITCUS,,
NW000467,Low,QUEUED,,
NW000467,Medium,QUEUED,,
NW000467,Medium,SLAHOLD,,
NW000469,Low,INPROG,,
NW000469,Low,QUEUED,,
NW000469,Medium,QUEUED,,
NW000472,Low,AWAITCHG,,
NW000472,Low,AWAITCUS,,
NW000472,Low,AWAITVEN,,
NW000472,Medium,AWAITCHG,,
NW000473,Low,AWAITCHG,,
NW000473,Low,AWAITCUS,,
NW000473,Low,AWAITVEN,,
NW000473,Low,SLAHOLD,,
NW000473,Medium,AWAITCUS,,
NW000476,Medium,QUEUED,,
NW000478,Low,QUEUED,,
NW000480,Low,QUEUED,,
NW000480,Medium,INPROG,,
NW000481,Low,AWAITVEN,,
NW000481,Low,INPROG,,
NW000481,Low,QUEUED,,
NW000481,Medium,AWAITCUS,,
NW000481,Medium,INPROG,,
NW000481,Medium,QUEUED,,
NW000481,Medium,SLAHOLD,,
NW000484,Medium,QUEUED,,
NW000484,Medium,SLAHOLD,,
NW000486,Low,INPROG,,
NW000490,High,QUEUED,,
NW000490,Low,INPROG,,
NW000490,Low,QUEUED,,
NW000490,Medium,AWAITCUS,,
NW000490,Medium,INPROG,,
NW000490,Medium,QUEUED,,
NW000495,Low,QUEUED,,
NW000495,Medium,QUEUED,,
NW000498,Medium,QUEUED,,
NW000501,Low,QUEUED,,
NW000503,Low,AWAITCHG,,
NW000503,Medium,AWAITCUS,,
NW000503,Medium,AWAITVEN,,
NW000503,Medium,QUEUED,,
NW000509,Low,AWAITCUS,,
NW000509,Low,AWAITVEN,,
NW000509,Low,QUEUED,,
NW000509,Medium,QUEUED,,
NW000514,Low,QUEUED,,
NW000514,Medium,QUEUED,,
NW000515,Low,QUEUED,,
NW000516,Medium,QUEUED,,
NW000517,Medium,QUEUED,,
NW000519,Low,INPROG,,
NW000521,Low,QUEUED,,
PM000613,Low,QUEUED,,
PM000620,Low,QUEUED,,
SM000500,Low,AWAITCUS,,
SM000500,Low,INPROG,,
SM000500,Medium,QUEUED,,
SM000513,Low,QUEUED,,
SM000514,Medium,INPROG,,
SM000514,Medium,QUEUED,,
SM000515,Medium,AWAITCUS,,
SM000552,Low,QUEUED,,
SM000571,Low,QUEUED,,
SM000572,Low,AWAITCUS,,
SM000573,Low,QUEUED,,
SM000575,Low,QUEUED,,
SM000583,Medium,QUEUED,,
SM000585,Low,AWAITVEN,,
SM000585,Low,INPROG,,
SM000585,Low,SLAHOLD,,
SM000585,Medium,INPROG,,
SM000586,Low,AWAITCUS,,
SM000586,Low,SLAHOLD,,
SM000586,Medium,AWAITCUS,,
SM000586,Medium,SLAHOLD,,
